"Time","msg.distinct"
2021-02-24 06:10:00,966
2021-02-24 06:15:00,965
2021-02-24 06:25:00,962
2021-02-24 06:30:00,965
2021-02-24 06:35:00,966
2021-02-24 06:40:00,965
2021-02-24 06:45:00,963
2021-02-24 06:50:00,965
2021-02-24 06:55:00,965
2021-02-24 07:00:00,964
2021-02-24 07:05:00,964
2021-02-24 07:10:00,964
2021-02-24 07:15:00,963
2021-02-24 07:20:00,963
2021-02-24 07:25:00,965
2021-02-24 07:30:00,964
2021-02-24 07:40:00,965
2021-02-24 07:45:00,965
2021-02-24 07:50:00,963
2021-02-24 07:55:00,965
2021-02-24 08:00:00,964
2021-02-24 08:05:00,963
2021-02-24 08:10:00,963
2021-02-24 08:15:00,962
2021-02-24 08:20:00,962
2021-02-24 08:25:00,961
2021-02-24 08:30:00,962
2021-02-24 08:35:00,962
2021-02-24 08:40:00,960
2021-02-24 08:45:00,961
2021-02-24 08:50:00,961
2021-02-24 09:00:00,962
2021-02-24 09:05:00,961
2021-02-24 09:10:00,961
2021-02-24 09:15:00,961
2021-02-24 09:20:00,963
2021-02-24 09:25:00,964
2021-02-24 09:30:00,963
2021-02-24 09:35:00,962
2021-02-24 09:40:00,962
2021-02-24 09:45:00,961
2021-02-24 09:50:00,962
2021-02-24 09:55:00,963
2021-02-24 10:00:00,962
2021-02-24 10:05:00,965
2021-02-24 10:10:00,963
2021-02-24 10:15:00,965
2021-02-24 10:25:00,963
2021-02-24 10:30:00,964
2021-02-24 10:35:00,968
2021-02-24 10:40:00,969
2021-02-24 10:45:00,968
2021-02-24 10:50:00,965
2021-02-24 10:55:00,969
2021-02-24 11:00:00,965
2021-02-24 11:05:00,963
2021-02-24 11:10:00,963
2021-02-24 11:15:00,966
2021-02-24 11:20:00,963
2021-02-24 11:25:00,963
2021-02-24 11:30:00,966
2021-02-24 11:35:00,963
2021-02-24 11:40:00,964
2021-02-24 11:45:00,964
2021-02-24 11:50:00,966
2021-02-24 12:00:00,970
2021-02-24 12:05:00,967
2021-02-24 12:10:00,968
2021-02-24 12:15:00,965
2021-02-24 12:20:00,968
2021-02-24 12:25:00,965
2021-02-24 12:30:00,968
2021-02-24 12:35:00,967
2021-02-24 12:40:00,968
2021-02-24 12:45:00,969
2021-02-24 12:50:00,965
2021-02-24 12:55:00,966
2021-02-24 13:00:00,966
2021-02-24 13:05:00,965
2021-02-24 13:10:00,964
2021-02-24 13:15:00,965
2021-02-24 13:20:00,964
2021-02-24 13:25:00,965
2021-02-24 13:30:00,963
2021-02-24 13:40:00,964
2021-02-24 13:45:00,967
2021-02-24 13:50:00,966
2021-02-24 13:55:00,963
2021-02-24 14:00:00,966
2021-02-24 14:05:00,963
2021-02-24 14:10:00,963
2021-02-24 14:15:00,963
2021-02-24 14:20:00,963
2021-02-24 14:25:00,963
2021-02-24 14:30:00,963
2021-02-24 14:35:00,963
2021-02-24 14:40:00,965
2021-02-24 14:45:00,963
2021-02-24 14:50:00,964
2021-02-24 14:55:00,964
2021-02-24 15:00:00,963
2021-02-24 15:05:00,966
2021-02-24 15:10:00,966
2021-02-24 15:20:00,968
2021-02-24 15:25:00,964
2021-02-24 15:30:00,964
2021-02-24 15:35:00,966
2021-02-24 15:40:00,969
2021-02-24 15:45:00,963
2021-02-24 15:50:00,965
2021-02-24 15:55:00,965
2021-02-24 16:00:00,965
2021-02-24 16:05:00,964
2021-02-24 16:10:00,965
2021-02-24 16:15:00,962
2021-02-24 16:20:00,962
2021-02-24 16:25:00,963
2021-02-24 16:30:00,963
2021-02-24 16:35:00,961
2021-02-24 16:40:00,960
2021-02-24 16:45:00,959
2021-02-24 16:50:00,959
2021-02-24 17:00:00,959
2021-02-24 17:05:00,959
2021-02-24 17:10:00,960
2021-02-24 17:15:00,960
2021-02-24 17:20:00,960
2021-02-24 17:25:00,960
2021-02-24 17:30:00,960
2021-02-24 17:35:00,960
2021-02-24 17:40:00,961
2021-02-24 17:45:00,959
2021-02-24 17:50:00,960
2021-02-24 17:55:00,961
2021-02-24 18:00:00,959
2021-02-24 18:05:00,960
2021-02-24 18:10:00,960
2021-02-24 18:15:00,960
2021-02-24 18:25:00,958
2021-02-24 18:30:00,960
2021-02-24 18:35:00,960
2021-02-24 18:40:00,960
2021-02-24 18:45:00,960
2021-02-24 18:50:00,960
2021-02-24 18:55:00,961
2021-02-24 19:00:00,959
2021-02-24 19:05:00,959
2021-02-24 19:10:00,960
2021-02-24 19:15:00,961
2021-02-24 19:20:00,959
2021-02-24 19:25:00,960
2021-02-24 19:30:00,960
2021-02-24 19:35:00,960
2021-02-24 19:40:00,960
2021-02-24 19:50:00,960
2021-02-24 19:55:00,960
2021-02-24 20:00:00,960
2021-02-24 20:05:00,959
2021-02-24 20:10:00,960
2021-02-24 20:15:00,960
2021-02-24 20:20:00,960
2021-02-24 20:25:00,960
2021-02-24 20:30:00,960
2021-02-24 20:35:00,960
2021-02-24 20:40:00,959
2021-02-24 20:45:00,960
2021-02-24 20:50:00,960
2021-02-24 20:55:00,959
2021-02-24 21:00:00,960
2021-02-24 21:05:00,960
2021-02-24 21:15:00,959
2021-02-24 21:20:00,961
2021-02-24 21:25:00,960
2021-02-24 21:30:00,960
2021-02-24 21:35:00,961
2021-02-24 21:40:00,960
2021-02-24 21:45:00,961
2021-02-24 21:50:00,961
2021-02-24 21:55:00,960
2021-02-24 22:05:00,959
2021-02-24 22:10:00,959
2021-02-24 22:15:00,960
2021-02-24 22:20:00,960
2021-02-24 22:25:00,960
2021-02-24 22:35:00,960
2021-02-24 22:40:00,960
2021-02-24 22:45:00,961
2021-02-24 22:50:00,963
2021-02-24 22:55:00,960
2021-02-24 23:00:00,961
2021-02-24 23:05:00,962
2021-02-24 23:10:00,962
2021-02-24 23:15:00,962
2021-02-24 23:20:00,963
2021-02-24 23:25:00,963
2021-02-24 23:30:00,962
2021-02-24 23:35:00,961
2021-02-24 23:40:00,960
2021-02-24 23:45:00,961
2021-02-24 23:50:00,963
2021-02-25 00:00:00,961
2021-02-25 00:05:00,961
2021-02-25 00:10:00,961
2021-02-25 00:15:00,960
2021-02-25 00:20:00,959
2021-02-25 00:25:00,962
2021-02-25 00:30:00,963
2021-02-25 00:35:00,964
2021-02-25 00:40:00,962
2021-02-25 00:45:00,961
2021-02-25 00:50:00,964
2021-02-25 00:55:00,962
2021-02-25 01:00:00,963
2021-02-25 01:05:00,960
2021-02-25 01:10:00,962
2021-02-25 01:20:00,960
2021-02-25 01:25:00,960
2021-02-25 01:30:00,962
2021-02-25 01:35:00,959
2021-02-25 01:40:00,961
2021-02-25 01:45:00,960
2021-02-25 01:50:00,959
2021-02-25 01:55:00,960
2021-02-25 02:00:00,962
2021-02-25 02:05:00,959
2021-02-25 02:10:00,961
2021-02-25 02:15:00,961
2021-02-25 02:20:00,962
2021-02-25 02:25:00,959
2021-02-25 02:30:00,958
2021-02-25 02:40:00,959
2021-02-25 02:45:00,958
2021-02-25 02:50:00,957
2021-02-25 02:55:00,959
2021-02-25 03:00:00,958
2021-02-25 03:05:00,960
2021-02-25 03:10:00,958
2021-02-25 03:15:00,958
2021-02-25 03:20:00,961
2021-02-25 03:25:00,961
2021-02-25 03:30:00,959
2021-02-25 03:35:00,962
2021-02-25 03:40:00,959
2021-02-25 03:45:00,960
2021-02-25 03:50:00,960
2021-02-25 03:55:00,959
2021-02-25 04:05:00,958
2021-02-25 04:10:00,959
2021-02-25 04:15:00,959
2021-02-25 04:20:00,959
2021-02-25 04:25:00,960
2021-02-25 04:30:00,960
2021-02-25 04:35:00,960
2021-02-25 04:40:00,958
2021-02-25 04:45:00,960
2021-02-25 04:50:00,960
2021-02-25 04:55:00,961
2021-02-25 05:00:00,960
2021-02-25 05:05:00,961
2021-02-25 05:10:00,963
2021-02-25 05:15:00,960
2021-02-25 05:20:00,962
2021-02-25 05:30:00,963
2021-02-25 05:35:00,965
2021-02-25 05:40:00,962
2021-02-25 05:45:00,965
2021-02-25 05:50:00,965
2021-02-25 05:55:00,962
2021-02-25 06:00:00,964
2021-02-25 06:05:00,966
2021-02-25 06:10:00,964
2021-02-25 06:15:00,963
2021-02-25 06:20:00,964
2021-02-25 06:25:00,963
2021-02-25 06:30:00,964
2021-02-25 06:35:00,965
2021-02-25 06:45:00,963
2021-02-25 06:50:00,963
2021-02-25 06:55:00,963
2021-02-25 07:00:00,965
2021-02-25 07:05:00,964
2021-02-25 07:10:00,963
2021-02-25 07:15:00,965
2021-02-25 07:20:00,963
2021-02-25 07:25:00,963
2021-02-25 07:30:00,963
2021-02-25 07:35:00,964
2021-02-25 07:40:00,964
2021-02-25 07:45:00,964
2021-02-25 07:50:00,964
2021-02-25 08:05:00,963
2021-02-25 08:10:00,962
2021-02-25 08:15:00,961
2021-02-25 08:20:00,962
2021-02-25 08:25:00,962
2021-02-25 08:30:00,963
2021-02-25 08:35:00,961
2021-02-25 08:40:00,962
2021-02-25 08:45:00,960
2021-02-25 08:50:00,960
2021-02-25 08:55:00,961
2021-02-25 09:00:00,962
2021-02-25 09:05:00,964
2021-02-25 09:10:00,963
2021-02-25 09:15:00,966
2021-02-25 09:25:00,963
2021-02-25 09:30:00,962
2021-02-25 09:35:00,968
2021-02-25 09:40:00,962
2021-02-25 09:45:00,964
2021-02-25 09:50:00,964
2021-02-25 09:55:00,962
2021-02-25 10:00:00,966
2021-02-25 10:05:00,964
2021-02-25 10:10:00,968
2021-02-25 10:15:00,968
2021-02-25 10:25:00,967
2021-02-25 10:30:00,968
2021-02-25 10:35:00,970
2021-02-25 10:40:00,964
2021-02-25 10:50:00,965
2021-02-25 10:55:00,965
2021-02-25 11:00:00,966
2021-02-25 11:05:00,965
2021-02-25 11:10:00,964
2021-02-25 11:15:00,965
2021-02-25 11:20:00,965
2021-02-25 11:30:00,967
2021-02-25 11:35:00,965
2021-02-25 11:40:00,967
2021-02-25 11:45:00,966
2021-02-25 11:50:00,966
2021-02-25 11:55:00,964
2021-02-25 12:00:00,963
2021-02-25 12:05:00,964
2021-02-25 12:10:00,967
2021-02-25 12:15:00,970
2021-02-25 12:25:00,964
2021-02-25 12:30:00,967
2021-02-25 12:35:00,965
2021-02-25 12:40:00,968
2021-02-25 12:45:00,966
2021-02-25 12:50:00,967
2021-02-25 12:55:00,967
2021-02-25 13:00:00,968
2021-02-25 13:05:00,966
2021-02-25 13:10:00,969
2021-02-25 13:15:00,967
2021-02-25 13:20:00,965
2021-02-25 13:25:00,968
2021-02-25 13:30:00,966
2021-02-25 13:35:00,965
2021-02-25 13:40:00,966
2021-02-25 13:45:00,969
2021-02-25 13:55:00,969
2021-02-25 14:00:00,966
2021-02-25 14:05:00,967
2021-02-25 14:10:00,966
2021-02-25 14:15:00,967
2021-02-25 14:20:00,965
2021-02-25 14:25:00,968
2021-02-25 14:35:00,965
2021-02-25 14:40:00,963
2021-02-25 14:45:00,963
2021-02-25 14:50:00,965
2021-02-25 14:55:00,966
2021-02-25 15:00:00,964
2021-02-25 15:05:00,962
2021-02-25 15:10:00,968
2021-02-25 15:15:00,965
2021-02-25 15:20:00,966
2021-02-25 15:30:00,963
2021-02-25 15:35:00,966
2021-02-25 15:40:00,963
2021-02-25 15:45:00,964
2021-02-25 15:50:00,964
2021-02-25 15:55:00,963
2021-02-25 16:00:00,962
2021-02-25 16:05:00,961
2021-02-25 16:10:00,961
2021-02-25 16:15:00,965
2021-02-25 16:20:00,964
2021-02-25 16:25:00,964
2021-02-25 16:30:00,960
2021-02-25 16:35:00,962
2021-02-25 16:40:00,962
2021-02-25 16:45:00,961
2021-02-25 16:50:00,961
2021-02-25 16:55:00,959
2021-02-25 17:05:00,959
2021-02-25 17:10:00,960
2021-02-25 17:15:00,961
2021-02-25 17:20:00,958
2021-02-25 17:25:00,959
2021-02-25 17:30:00,962
2021-02-25 17:35:00,961
2021-02-25 17:40:00,962
2021-02-25 17:45:00,961
2021-02-25 17:50:00,959
2021-02-25 17:55:00,960
2021-02-25 18:00:00,960
2021-02-25 18:05:00,966
2021-02-25 18:10:00,963
2021-02-25 18:15:00,967
2021-02-25 18:20:00,971
2021-02-25 18:30:00,964
2021-02-25 18:35:00,961
2021-02-25 18:40:00,971
2021-02-25 18:45:00,965
2021-02-25 18:50:00,970
2021-02-25 18:55:00,973
2021-02-25 19:00:00,963
2021-02-25 19:05:00,968
2021-02-25 19:10:00,969
2021-02-25 19:15:00,961
2021-02-25 19:20:00,959
2021-02-25 19:25:00,962
2021-02-25 19:30:00,959
2021-02-25 19:35:00,967
2021-02-25 19:45:00,964
2021-02-25 19:50:00,960
2021-02-25 19:55:00,965
2021-02-25 20:00:00,963
2021-02-25 20:05:00,959
2021-02-25 20:10:00,960
2021-02-25 20:15:00,960
2021-02-25 20:20:00,959
2021-02-25 20:25:00,961
2021-02-25 20:30:00,966
2021-02-25 20:35:00,962
2021-02-25 20:40:00,963
2021-02-25 20:45:00,960
2021-02-25 20:50:00,961
2021-02-25 20:55:00,959
2021-02-25 21:05:00,962
2021-02-25 21:10:00,962
2021-02-25 21:15:00,961
2021-02-25 21:20:00,963
2021-02-25 21:25:00,965
2021-02-25 21:30:00,963
2021-02-25 21:35:00,961
2021-02-25 21:40:00,976
2021-02-25 21:45:00,976
2021-02-25 21:50:00,976
2021-02-25 21:55:00,976
2021-02-25 22:00:00,974
2021-02-25 22:05:00,963
2021-02-25 22:10:00,960
2021-02-25 22:15:00,959
2021-02-25 22:25:00,975
2021-02-25 22:30:00,974
2021-02-25 22:35:00,975
2021-02-25 22:40:00,955
2021-02-25 22:45:00,972
2021-02-25 22:50:00,962
2021-02-25 22:55:00,960
2021-02-25 23:00:00,962
2021-02-25 23:05:00,959
2021-02-25 23:10:00,967
2021-02-25 23:15:00,962
2021-02-25 23:20:00,967
2021-02-25 23:25:00,973
2021-02-25 23:30:00,957
2021-02-25 23:40:00,972
2021-02-25 23:45:00,971
2021-02-25 23:50:00,976
2021-02-25 23:55:00,973
2021-02-26 00:00:00,971
2021-02-26 00:05:00,976
2021-02-26 00:10:00,966
2021-02-26 00:15:00,960
2021-02-26 00:20:00,965
2021-02-26 00:25:00,961
2021-02-26 00:30:00,967
2021-02-26 00:35:00,965
2021-02-26 00:40:00,963
2021-02-26 00:45:00,963
2021-02-26 00:50:00,962
2021-02-26 01:00:00,963
2021-02-26 01:05:00,964
2021-02-26 01:10:00,965
2021-02-26 01:15:00,965
2021-02-26 01:20:00,965
2021-02-26 01:25:00,964
2021-02-26 01:30:00,966
2021-02-26 01:35:00,965
2021-02-26 01:40:00,966
2021-02-26 01:45:00,965
2021-02-26 01:50:00,965
2021-02-26 01:55:00,965
2021-02-26 02:00:00,965
2021-02-26 02:05:00,966
2021-02-26 02:15:00,966
2021-02-26 02:20:00,965
2021-02-26 02:25:00,965
2021-02-26 02:30:00,965
2021-02-26 02:35:00,965
2021-02-26 02:40:00,963
2021-02-26 02:45:00,965
2021-02-26 02:50:00,965
2021-02-26 02:55:00,965
2021-02-26 03:00:00,965
2021-02-26 03:05:00,965
2021-02-26 03:10:00,965
2021-02-26 03:15:00,965
2021-02-26 03:20:00,965
2021-02-26 03:30:00,966
2021-02-26 03:35:00,964
2021-02-26 03:40:00,965
2021-02-26 03:45:00,965
2021-02-26 03:50:00,966
2021-02-26 03:55:00,965
2021-02-26 04:00:00,965
2021-02-26 04:05:00,965
2021-02-26 04:10:00,966
2021-02-26 04:15:00,967
2021-02-26 04:20:00,965
2021-02-26 04:25:00,966
2021-02-26 04:30:00,966
2021-02-26 04:35:00,968
2021-02-26 04:45:00,966
2021-02-26 04:50:00,969
2021-02-26 04:55:00,966
2021-02-26 05:00:00,968
2021-02-26 05:05:00,964
2021-02-26 05:10:00,968
2021-02-26 05:15:00,967
2021-02-26 05:20:00,967
2021-02-26 05:25:00,967
2021-02-26 05:30:00,970
2021-02-26 05:35:00,965
2021-02-26 05:40:00,969
2021-02-26 05:45:00,968
2021-02-26 05:50:00,967
2021-02-26 06:00:00,967
2021-02-26 06:05:00,967
2021-02-26 06:10:00,972
2021-02-26 06:15:00,968
2021-02-26 06:20:00,965
2021-02-26 06:25:00,966
2021-02-26 06:30:00,974
2021-02-26 06:35:00,968
2021-02-26 06:40:00,970
2021-02-26 06:45:00,967
2021-02-26 06:50:00,966
2021-02-26 06:55:00,966
2021-02-26 07:00:00,965
2021-02-26 07:10:00,965
2021-02-26 07:15:00,966
2021-02-26 07:20:00,967
2021-02-26 07:25:00,965
2021-02-26 07:30:00,965
2021-02-26 07:35:00,965
2021-02-26 07:40:00,966
2021-02-26 07:45:00,965
2021-02-26 07:50:00,965
2021-02-26 07:55:00,965
2021-02-26 08:00:00,965
2021-02-26 08:05:00,965
2021-02-26 08:10:00,965
2021-02-26 08:15:00,965
2021-02-26 08:25:00,964
2021-02-26 08:30:00,965
2021-02-26 08:35:00,969
2021-02-26 08:40:00,960
2021-02-26 08:45:00,958
2021-02-26 08:50:00,962
2021-02-26 08:55:00,963
2021-02-26 09:00:00,962
2021-02-26 09:05:00,962
2021-02-26 09:10:00,963
2021-02-26 09:15:00,966
2021-02-26 09:20:00,968
2021-02-26 09:25:00,964
2021-02-26 09:30:00,965
2021-02-26 09:35:00,967
2021-02-26 09:45:00,965
2021-02-26 09:50:00,968
2021-02-26 09:55:00,967
2021-02-26 10:00:00,971
2021-02-26 10:05:00,966
2021-02-26 10:10:00,971
2021-02-26 10:15:00,969
2021-02-26 10:20:00,967
2021-02-26 10:25:00,966
2021-02-26 10:30:00,969
2021-02-26 10:35:00,969
2021-02-26 10:40:00,966
2021-02-26 10:45:00,968
2021-02-26 10:50:00,969
2021-02-26 10:55:00,965
2021-02-26 11:00:00,969
2021-02-26 11:10:00,974
2021-02-26 11:15:00,969
2021-02-26 11:20:00,971
2021-02-26 11:25:00,968
2021-02-26 11:30:00,973
2021-02-26 11:35:00,967
2021-02-26 11:40:00,968
2021-02-26 11:45:00,966
2021-02-26 11:50:00,965
2021-02-26 11:55:00,971
2021-02-26 12:00:00,970
2021-02-26 12:05:00,966
2021-02-26 12:10:00,966
2021-02-26 12:15:00,968
2021-02-26 12:20:00,967
2021-02-26 12:25:00,967
2021-02-26 12:30:00,969
2021-02-26 12:35:00,967
2021-02-26 12:45:00,969
2021-02-26 12:50:00,965
2021-02-26 12:55:00,965
2021-02-26 13:00:00,965
2021-02-26 13:05:00,964
2021-02-26 13:10:00,964
2021-02-26 13:15:00,964
2021-02-26 13:20:00,964
2021-02-26 13:25:00,964
2021-02-26 13:30:00,963
2021-02-26 13:35:00,963
2021-02-26 13:40:00,964
2021-02-26 13:45:00,962
2021-02-26 13:50:00,963
2021-02-26 13:55:00,963
2021-02-26 14:00:00,965
2021-02-26 14:10:00,963
2021-02-26 14:15:00,966
2021-02-26 14:20:00,965
2021-02-26 14:25:00,964
2021-02-26 14:30:00,963
2021-02-26 14:35:00,965
2021-02-26 14:40:00,964
2021-02-26 14:45:00,964
2021-02-26 14:50:00,965
2021-02-26 14:55:00,963
2021-02-26 15:00:00,964
2021-02-26 15:05:00,962
2021-02-26 15:10:00,960
2021-02-26 15:15:00,961
2021-02-26 15:20:00,962
2021-02-26 15:25:00,961
2021-02-26 15:35:00,963
2021-02-26 15:40:00,963
2021-02-26 15:45:00,962
2021-02-26 15:50:00,961
2021-02-26 15:55:00,961
2021-02-26 16:00:00,962
2021-02-26 16:05:00,963
2021-02-26 16:10:00,964
2021-02-26 16:15:00,959
2021-02-26 16:20:00,961
2021-02-26 16:25:00,962
2021-02-26 16:30:00,962
2021-02-26 16:35:00,962
2021-02-26 16:40:00,962
2021-02-26 16:45:00,961
2021-02-26 16:50:00,961
2021-02-26 17:00:00,961
2021-02-26 17:05:00,963
2021-02-26 17:10:00,961
2021-02-26 17:15:00,962
2021-02-26 17:20:00,962
2021-02-26 17:25:00,963
2021-02-26 17:30:00,963
2021-02-26 17:35:00,964
2021-02-26 17:40:00,963
2021-02-26 17:45:00,965
2021-02-26 17:50:00,964
2021-02-26 17:55:00,964
2021-02-26 18:00:00,966
2021-02-26 18:05:00,965
2021-02-26 18:15:00,966
2021-02-26 18:20:00,965
2021-02-26 18:25:00,965
2021-02-26 18:30:00,965
2021-02-26 18:35:00,964
2021-02-26 18:40:00,965
2021-02-26 18:45:00,964
2021-02-26 18:50:00,965
2021-02-26 18:55:00,966
2021-02-26 19:00:00,965
2021-02-26 19:05:00,965
2021-02-26 19:10:00,965
2021-02-26 19:15:00,965
2021-02-26 19:20:00,965
2021-02-26 19:25:00,964
2021-02-26 19:35:00,966
2021-02-26 19:40:00,966
2021-02-26 19:45:00,964
2021-02-26 19:50:00,965
2021-02-26 19:55:00,965
2021-02-26 20:00:00,968
2021-02-26 20:05:00,965
2021-02-26 20:10:00,976
2021-02-26 20:15:00,965
2021-02-26 20:20:00,964
2021-02-26 20:25:00,964
2021-02-26 20:30:00,964
2021-02-26 20:35:00,963
2021-02-26 20:40:00,964
2021-02-26 20:50:00,965
2021-02-26 20:55:00,965
2021-02-26 21:00:00,964
2021-02-26 21:05:00,963
2021-02-26 21:10:00,966
2021-02-26 21:15:00,965
2021-02-26 21:20:00,966
2021-02-26 21:25:00,964
2021-02-26 21:30:00,966
2021-02-26 21:35:00,965
2021-02-26 21:40:00,964
2021-02-26 21:45:00,964
2021-02-26 21:50:00,963
2021-02-26 21:55:00,965
2021-02-26 22:05:00,965
2021-02-26 22:10:00,964
2021-02-26 22:15:00,965
2021-02-26 22:20:00,965
2021-02-26 22:25:00,964
2021-02-26 22:30:00,965
2021-02-26 22:35:00,962
2021-02-26 22:40:00,965
2021-02-26 22:45:00,964
2021-02-26 22:50:00,963
2021-02-26 22:55:00,964
2021-02-26 23:00:00,964
2021-02-26 23:05:00,965
2021-02-26 23:10:00,964
2021-02-26 23:15:00,963
2021-02-26 23:25:00,963
2021-02-26 23:30:00,964
2021-02-26 23:35:00,966
2021-02-26 23:40:00,963
2021-02-26 23:45:00,964
2021-02-26 23:50:00,964
2021-02-26 23:55:00,964
2021-02-27 00:00:00,962
2021-02-27 00:05:00,962
2021-02-27 00:10:00,965
2021-02-27 00:15:00,965
2021-02-27 00:20:00,963
2021-02-27 00:25:00,962
2021-02-27 00:30:00,964
2021-02-27 00:40:00,963
2021-02-27 00:45:00,963
2021-02-27 00:50:00,963
2021-02-27 00:55:00,962
2021-02-27 01:00:00,964
2021-02-27 01:05:00,962
2021-02-27 01:10:00,962
2021-02-27 01:15:00,963
2021-02-27 01:20:00,962
2021-02-27 01:25:00,963
2021-02-27 01:30:00,962
2021-02-27 01:35:00,964
2021-02-27 01:40:00,964
2021-02-27 01:45:00,965
2021-02-27 01:50:00,963
2021-02-27 01:50:00,962
2021-02-27 01:50:00,964
2021-02-27 02:00:00,963
2021-02-27 02:05:00,964
2021-02-27 02:10:00,963
2021-02-27 02:15:00,962
2021-02-27 02:20:00,962
2021-02-27 02:25:00,962
2021-02-27 02:35:00,962
2021-02-27 02:40:00,963
2021-02-27 02:45:00,965
2021-02-27 02:50:00,964
2021-02-27 02:55:00,963
2021-02-27 03:00:00,962
2021-02-27 03:05:00,963
2021-02-27 03:10:00,963
2021-02-27 03:15:00,963
2021-02-27 03:20:00,963
2021-02-27 03:25:00,962
2021-02-27 03:30:00,963
2021-02-27 03:35:00,964
2021-02-27 03:40:00,964
2021-02-27 03:45:00,964
2021-02-27 03:55:00,965
2021-02-27 03:55:00,966
2021-02-27 04:10:00,964
2021-02-27 04:10:00,965
2021-02-27 04:10:00,962
2021-02-27 04:15:00,964
2021-02-27 04:15:00,984
2021-02-27 04:15:00,962
2021-02-27 04:15:00,960
2021-02-27 04:15:00,965
2021-02-27 04:20:00,966
2021-02-27 04:20:00,962
2021-02-27 04:20:00,964
2021-02-27 04:20:00,965
2021-02-27 04:20:00,961
2021-02-27 04:25:00,965
2021-02-27 04:25:00,962
2021-02-27 04:25:00,961
2021-02-27 04:25:00,964
2021-02-27 04:25:00,963
2021-02-27 04:30:00,964
2021-02-27 04:30:00,962
2021-02-27 04:30:00,963
2021-02-27 04:30:00,960
2021-02-27 04:30:00,961
2021-02-27 04:30:00,965
2021-02-27 04:35:00,962
2021-02-27 04:35:00,961
2021-02-27 04:35:00,964
2021-02-27 04:35:00,963
2021-02-27 04:35:00,966
2021-02-27 04:40:00,964
2021-02-27 04:40:00,961
2021-02-27 04:40:00,966
2021-02-27 04:40:00,963
2021-02-27 04:40:00,967
2021-02-27 04:45:00,963
2021-02-27 04:45:00,966
2021-02-27 04:45:00,964
2021-02-27 04:45:00,961
2021-02-27 04:45:00,965
2021-02-27 04:50:00,964
2021-02-27 04:50:00,961
2021-02-27 04:50:00,963
2021-02-27 04:50:00,965
2021-02-27 04:50:00,962
2021-02-27 04:55:00,960
2021-02-27 04:55:00,966
2021-02-27 04:55:00,961
2021-02-27 04:55:00,962
2021-02-27 04:55:00,964
2021-02-27 04:55:00,965
2021-02-27 05:00:00,964
2021-02-27 05:00:00,963
2021-02-27 05:05:00,963
2021-02-27 05:05:00,965
2021-02-27 05:05:00,962
2021-02-27 05:10:00,963
2021-02-27 05:10:00,961
2021-02-27 05:10:00,964
2021-02-27 05:10:00,965
2021-02-27 05:15:00,964
2021-02-27 05:15:00,962
2021-02-27 05:15:00,963
2021-02-27 05:20:00,964
2021-02-27 05:20:00,962
2021-02-27 05:20:00,963
2021-02-27 05:20:00,965
2021-02-27 05:25:00,960
2021-02-27 05:25:00,961
2021-02-27 05:25:00,964
2021-02-27 05:25:00,963
2021-02-27 05:25:00,962
2021-02-27 05:30:00,961
2021-02-27 05:30:00,965
2021-02-27 05:30:00,964
2021-02-27 05:30:00,963
2021-02-27 05:30:00,962
2021-02-27 05:35:00,964
2021-02-27 05:35:00,976
2021-02-27 05:35:00,963
2021-02-27 05:35:00,961
2021-02-27 05:40:00,963
2021-02-27 05:40:00,962
2021-02-27 05:40:00,961
2021-02-27 05:45:00,963
2021-02-27 05:45:00,962
2021-02-27 05:45:00,965
2021-02-27 05:45:00,961
2021-02-27 05:50:00,960
2021-02-27 05:50:00,962
2021-02-27 05:50:00,963
2021-02-27 05:55:00,963
2021-02-27 05:55:00,961
2021-02-27 05:55:00,962
2021-02-27 06:00:00,961
2021-02-27 06:00:00,963
2021-02-27 06:05:00,960
2021-02-27 06:05:00,961
2021-02-27 06:10:00,961
2021-02-27 06:10:00,960
2021-02-27 06:15:00,961
2021-02-27 06:15:00,960
2021-02-27 06:20:00,960
2021-02-27 06:20:00,962
2021-02-27 06:20:00,961
2021-02-27 06:20:00,963
2021-02-27 06:25:00,961
2021-02-27 06:25:00,962
2021-02-27 06:25:00,960
2021-02-27 06:25:00,964
2021-02-27 06:30:00,961
2021-02-27 06:30:00,962
2021-02-27 06:30:00,960
2021-02-27 06:35:00,960
2021-02-27 06:35:00,962
2021-02-27 06:35:00,961
2021-02-27 06:40:00,961
2021-02-27 06:40:00,973
2021-02-27 06:40:00,960
2021-02-27 06:45:00,961
2021-02-27 06:45:00,960
2021-02-27 06:55:00,961
2021-02-27 07:00:00,960
2021-02-27 07:05:00,961
2021-02-27 07:05:00,962
2021-02-27 07:10:00,961
2021-02-27 07:10:00,962
2021-02-27 07:15:00,962
2021-02-27 07:15:00,961
2021-02-27 07:15:00,960
2021-02-27 07:20:00,962
2021-02-27 07:20:00,961
2021-02-27 07:20:00,960
2021-02-27 07:25:00,961
2021-02-27 07:25:00,962
2021-02-27 07:25:00,960
2021-02-27 07:30:00,961
2021-02-27 07:30:00,960
2021-02-27 07:40:00,960
2021-02-27 07:45:00,961
2021-02-27 07:45:00,960
2021-02-27 07:45:00,962
2021-02-27 07:45:00,959
2021-02-27 07:50:00,960
2021-02-27 07:50:00,961
2021-02-27 07:50:00,962
2021-02-27 07:55:00,961
2021-02-27 07:55:00,960
2021-02-27 08:00:00,961
2021-02-27 08:00:00,960
2021-02-27 08:00:00,965
2021-02-27 08:00:00,962
2021-02-27 08:00:00,959
2021-02-27 08:05:00,960
2021-02-27 08:05:00,961
2021-02-27 08:10:00,961
2021-02-27 08:10:00,960
2021-02-27 08:10:00,959
2021-02-27 08:10:00,962
2021-02-27 08:15:00,961
2021-02-27 08:15:00,960
2021-02-27 08:20:00,960
2021-02-27 08:25:00,959
2021-02-27 08:25:00,960
2021-02-27 08:25:00,961
2021-02-27 08:30:00,960
2021-02-27 08:30:00,961
2021-02-27 08:30:00,959
2021-02-27 08:40:00,958
2021-02-27 08:45:00,958
2021-02-27 08:45:00,959
2021-02-27 08:45:00,960
2021-02-27 08:50:00,959
2021-02-27 08:50:00,958
2021-02-27 08:55:00,959
2021-02-27 08:55:00,958
2021-02-27 09:00:00,959
2021-02-27 09:00:00,958
2021-02-27 09:05:00,959
2021-02-27 09:05:00,958
2021-02-27 09:05:00,960
2021-02-27 09:10:00,959
2021-02-27 09:10:00,958
2021-02-27 09:10:00,960
2021-02-27 09:15:00,959
2021-02-27 09:15:00,958
2021-02-27 09:20:00,959
2021-02-27 09:20:00,958
2021-02-27 09:25:00,959
2021-02-27 09:25:00,958
2021-02-27 09:30:00,959
2021-02-27 09:30:00,960
2021-02-27 09:30:00,958
2021-02-27 09:35:00,959
2021-02-27 09:40:00,959
2021-02-27 09:40:00,958
2021-02-27 09:45:00,958
2021-02-27 09:45:00,959
2021-02-27 09:50:00,959
2021-02-27 09:50:00,958
2021-02-27 09:50:00,960
2021-02-27 09:55:00,959
2021-02-27 09:55:00,960
2021-02-27 10:00:00,960
2021-02-27 10:00:00,958
2021-02-27 10:00:00,959
2021-02-27 10:05:00,959
2021-02-27 10:05:00,958
2021-02-27 10:10:00,958
2021-02-27 10:10:00,960
2021-02-27 10:10:00,959
2021-02-27 10:15:00,966
2021-02-27 10:15:00,960
2021-02-27 10:15:00,958
2021-02-27 10:15:00,959
2021-02-27 10:20:00,958
2021-02-27 10:20:00,957
2021-02-27 10:20:00,959
2021-02-27 10:20:00,960
2021-02-27 10:25:00,958
2021-02-27 10:25:00,957
2021-02-27 10:30:00,959
2021-02-27 10:30:00,958
2021-02-27 10:35:00,959
2021-02-27 10:35:00,958
2021-02-27 10:40:00,960
2021-02-27 10:40:00,959
2021-02-27 10:40:00,957
2021-02-27 10:40:00,958
2021-02-27 10:45:00,959
2021-02-27 10:45:00,958
2021-02-27 10:45:00,960
2021-02-27 10:50:00,960
2021-02-27 10:50:00,957
2021-02-27 11:00:00,958
2021-02-27 11:05:00,958
2021-02-27 11:10:00,958
2021-02-27 11:15:00,958
2021-02-27 11:20:00,958
2021-02-27 11:25:00,958
2021-02-27 11:30:00,958
2021-02-27 11:35:00,957
2021-02-27 11:40:00,958
2021-02-27 11:45:00,958
2021-02-27 11:55:00,959
2021-02-27 12:00:00,957
2021-02-27 12:05:00,957
2021-02-27 12:10:00,959
2021-02-27 12:15:00,958
2021-02-27 12:20:00,958
2021-02-27 12:25:00,958
2021-02-27 12:30:00,958
2021-02-27 12:35:00,957
2021-02-27 12:40:00,958
2021-02-27 12:50:00,957
2021-02-27 12:55:00,957
2021-02-27 13:00:00,958
2021-02-27 13:05:00,958
2021-02-27 13:10:00,957
2021-02-27 13:20:00,957
2021-02-27 13:25:00,958
2021-02-27 13:30:00,958
2021-02-27 13:35:00,957
2021-02-27 13:40:00,958
2021-02-27 13:45:00,957
2021-02-27 13:50:00,959
2021-02-27 13:55:00,958
2021-02-27 14:00:00,959
2021-02-27 14:05:00,959
2021-02-27 14:10:00,958
2021-02-27 14:15:00,958
2021-02-27 14:20:00,960
2021-02-27 14:25:00,958
2021-02-27 14:30:00,959
2021-02-27 14:35:00,958
2021-02-27 14:45:00,958
2021-02-27 14:50:00,959
2021-02-27 14:55:00,959
2021-02-27 15:00:00,957
2021-02-27 15:05:00,957
2021-02-27 15:10:00,959
2021-02-27 15:15:00,960
2021-02-27 15:20:00,960
2021-02-27 15:25:00,958
2021-02-27 15:30:00,958
2021-02-27 15:35:00,959
2021-02-27 15:40:00,959
2021-02-27 15:45:00,958
2021-02-27 15:50:00,957
2021-02-27 15:55:00,960
2021-02-27 16:00:00,958
2021-02-27 16:10:00,959
2021-02-27 16:15:00,959
2021-02-27 16:20:00,961
2021-02-27 16:25:00,959
2021-02-27 16:30:00,960
2021-02-27 16:35:00,960
2021-02-27 16:40:00,959
2021-02-27 16:45:00,961
2021-02-27 16:50:00,959
2021-02-27 16:55:00,958
2021-02-27 17:00:00,959
2021-02-27 17:05:00,960
2021-02-27 17:10:00,960
2021-02-27 17:15:00,959
2021-02-27 17:20:00,958
2021-02-27 17:25:00,959
2021-02-27 17:30:00,959
2021-02-27 17:40:00,959
2021-02-27 17:45:00,960
2021-02-27 17:50:00,961
2021-02-27 17:55:00,961
2021-02-27 18:00:00,960
2021-02-27 18:05:00,960
2021-02-27 18:10:00,959
2021-02-27 18:15:00,960
2021-02-27 18:20:00,960
2021-02-27 18:25:00,960
2021-02-27 18:30:00,961
2021-02-27 18:35:00,960
2021-02-27 18:40:00,961
2021-02-27 18:45:00,960
2021-02-27 18:50:00,960
2021-02-27 19:00:00,959
2021-02-27 19:05:00,960
2021-02-27 19:10:00,960
2021-02-27 19:15:00,961
2021-02-27 19:20:00,960
2021-02-27 19:25:00,960
2021-02-27 19:30:00,962
2021-02-27 19:35:00,961
2021-02-27 19:40:00,960
2021-02-27 19:45:00,962
2021-02-27 19:50:00,959
2021-02-27 19:55:00,961
2021-02-27 20:00:00,962
2021-02-27 20:05:00,962
2021-02-27 20:10:00,962
2021-02-27 20:20:00,961
2021-02-27 20:25:00,961
2021-02-27 20:30:00,961
2021-02-27 20:35:00,961
2021-02-27 20:40:00,962
2021-02-27 20:45:00,962
2021-02-27 20:50:00,962
2021-02-27 20:55:00,961
2021-02-27 21:00:00,961
2021-02-27 21:05:00,961
2021-02-27 21:10:00,961
2021-02-27 21:15:00,961
2021-02-27 21:20:00,961
2021-02-27 21:25:00,962
2021-02-27 21:30:00,963
2021-02-27 21:40:00,962
2021-02-27 21:45:00,964
2021-02-27 21:50:00,962
2021-02-27 21:55:00,963
2021-02-27 22:00:00,962
2021-02-27 22:05:00,962
2021-02-27 22:10:00,965
2021-02-27 22:15:00,962
2021-02-27 22:20:00,962
2021-02-27 22:25:00,961
2021-02-27 22:30:00,961
2021-02-27 22:35:00,962
2021-02-27 22:40:00,962
2021-02-27 22:45:00,963
2021-02-27 22:50:00,963
2021-02-27 23:00:00,964
2021-02-27 23:05:00,962
2021-02-27 23:10:00,963
2021-02-27 23:15:00,963
2021-02-27 23:20:00,963
2021-02-27 23:25:00,963
2021-02-27 23:30:00,962
2021-02-27 23:35:00,962
2021-02-27 23:40:00,963
2021-02-27 23:45:00,964
2021-02-27 23:50:00,961
2021-02-27 23:55:00,964
2021-02-28 00:00:00,962
2021-02-28 00:05:00,962
2021-02-28 00:10:00,962
2021-02-28 00:20:00,963
2021-02-28 00:25:00,963
2021-02-28 00:30:00,961
2021-02-28 00:35:00,963
2021-02-28 00:40:00,965
2021-02-28 00:45:00,962
2021-02-28 00:50:00,963
2021-02-28 00:55:00,961
2021-02-28 01:00:00,962
2021-02-28 01:05:00,963
2021-02-28 01:10:00,962
2021-02-28 01:15:00,962
2021-02-28 01:20:00,963
2021-02-28 01:25:00,963
2021-02-28 01:30:00,960
2021-02-28 01:40:00,964
2021-02-28 01:45:00,964
2021-02-28 01:50:00,968
2021-02-28 01:55:00,958
2021-02-28 02:00:00,960
2021-02-28 02:05:00,965
2021-02-28 02:10:00,959
2021-02-28 02:15:00,958
2021-02-28 02:20:00,957
2021-02-28 02:25:00,959
2021-02-28 02:30:00,964
2021-02-28 02:35:00,961
2021-02-28 02:40:00,962
2021-02-28 02:45:00,964
2021-02-28 02:50:00,963
2021-02-28 03:00:00,962
2021-02-28 03:05:00,965
2021-02-28 03:10:00,964
2021-02-28 03:15:00,964
2021-02-28 03:20:00,964
2021-02-28 03:25:00,964
2021-02-28 03:30:00,965
2021-02-28 03:35:00,972
2021-02-28 03:40:00,971
2021-02-28 03:45:00,970
2021-02-28 03:50:00,972
2021-02-28 03:55:00,965
2021-02-28 04:00:00,961
2021-02-28 04:05:00,968
2021-02-28 04:10:00,962
2021-02-28 04:20:00,962
2021-02-28 04:25:00,965
2021-02-28 04:30:00,962
2021-02-28 04:35:00,961
2021-02-28 04:40:00,965
2021-02-28 04:45:00,963
2021-02-28 04:50:00,964
2021-02-28 04:55:00,964
2021-02-28 05:00:00,964
2021-02-28 05:05:00,963
2021-02-28 05:10:00,962
2021-02-28 05:15:00,964
2021-02-28 05:20:00,964
2021-02-28 05:25:00,965
2021-02-28 05:35:00,963
2021-02-28 05:40:00,965
2021-02-28 05:45:00,959
2021-02-28 05:50:00,964
2021-02-28 05:55:00,961
2021-02-28 06:00:00,966
2021-02-28 06:05:00,965
2021-02-28 06:10:00,965
2021-02-28 06:15:00,964
2021-02-28 06:20:00,964
2021-02-28 06:25:00,965
2021-02-28 06:30:00,963
2021-02-28 06:35:00,964
2021-02-28 06:40:00,964
2021-02-28 06:45:00,963
2021-02-28 06:55:00,963
2021-02-28 07:00:00,963
2021-02-28 07:05:00,961
2021-02-28 07:10:00,964
2021-02-28 07:15:00,962
2021-02-28 07:20:00,960
2021-02-28 07:25:00,960
2021-02-28 07:30:00,961
2021-02-28 07:35:00,961
2021-02-28 07:40:00,961
2021-02-28 07:45:00,961
2021-02-28 07:50:00,960
2021-02-28 07:55:00,960
2021-02-28 08:00:00,961
2021-02-28 08:05:00,960
2021-02-28 08:15:00,961
2021-02-28 08:20:00,960
2021-02-28 08:25:00,960
2021-02-28 08:30:00,961
2021-02-28 08:35:00,961
2021-02-28 08:40:00,960
2021-02-28 08:45:00,960
2021-02-28 08:50:00,960
2021-02-28 08:55:00,960
2021-02-28 09:00:00,961
2021-02-28 09:05:00,960
2021-02-28 09:10:00,960
2021-02-28 09:15:00,960
2021-02-28 09:20:00,959
2021-02-28 09:25:00,959
2021-02-28 09:35:00,960
2021-02-28 09:40:00,960
2021-02-28 09:45:00,959
2021-02-28 09:50:00,960
2021-02-28 09:55:00,960
2021-02-28 10:00:00,960
2021-02-28 10:05:00,960
2021-02-28 10:10:00,960
2021-02-28 10:15:00,959
2021-02-28 10:20:00,959
2021-02-28 10:25:00,959
2021-02-28 10:30:00,959
2021-02-28 10:35:00,960
2021-02-28 10:40:00,961
2021-02-28 10:45:00,960
2021-02-28 10:55:00,960
2021-02-28 11:00:00,960
2021-02-28 11:05:00,960
2021-02-28 11:10:00,960
2021-02-28 11:15:00,959
2021-02-28 11:15:00,960
2021-02-28 11:25:00,960
2021-02-28 11:30:00,960
2021-02-28 11:35:00,960
2021-02-28 11:40:00,960
2021-02-28 11:45:00,960
2021-02-28 11:55:00,959
2021-02-28 12:00:00,960
2021-02-28 12:05:00,959
2021-02-28 12:10:00,960
2021-02-28 12:15:00,959
2021-02-28 12:20:00,959
2021-02-28 12:25:00,959
2021-02-28 12:30:00,959
2021-02-28 12:35:00,960
2021-02-28 12:40:00,959
2021-02-28 12:45:00,959
2021-02-28 12:55:00,959
2021-02-28 13:00:00,960
2021-02-28 13:05:00,959
2021-02-28 13:10:00,959
2021-02-28 13:20:00,959
2021-02-28 13:25:00,958
2021-02-28 13:30:00,960
2021-02-28 13:35:00,960
2021-02-28 13:40:00,960
2021-02-28 13:45:00,960
2021-02-28 13:50:00,960
2021-02-28 13:55:00,961
2021-02-28 14:00:00,960
2021-02-28 14:05:00,960
2021-02-28 14:10:00,962
2021-02-28 14:15:00,960
2021-02-28 14:20:00,961
2021-02-28 14:25:00,962
2021-02-28 14:30:00,960
2021-02-28 14:40:00,961
2021-02-28 14:45:00,961
2021-02-28 14:50:00,961
2021-02-28 14:55:00,962
2021-02-28 15:00:00,962
2021-02-28 15:05:00,962
2021-02-28 15:10:00,961
2021-02-28 15:15:00,961
2021-02-28 15:20:00,960
2021-02-28 15:25:00,962
2021-02-28 15:30:00,961
2021-02-28 15:35:00,961
2021-02-28 15:40:00,960
2021-02-28 15:45:00,963
2021-02-28 15:55:00,960
2021-02-28 16:00:00,962
2021-02-28 16:05:00,960
2021-02-28 16:10:00,962
2021-02-28 16:15:00,961
2021-02-28 16:20:00,960
2021-02-28 16:25:00,962
2021-02-28 16:30:00,961
2021-02-28 16:35:00,960
2021-02-28 16:35:00,961
2021-02-28 16:40:00,961
2021-02-28 16:45:00,960
2021-02-28 16:45:00,962
2021-02-28 16:50:00,961
2021-02-28 16:50:00,960
2021-02-28 16:50:00,962
2021-02-28 16:55:00,961
2021-02-28 16:55:00,962
2021-02-28 16:55:00,960
2021-02-28 17:00:00,962
2021-02-28 17:00:00,961
2021-02-28 17:00:00,960
2021-02-28 17:05:00,962
2021-02-28 17:05:00,961
2021-02-28 17:05:00,960
2021-02-28 17:10:00,962
2021-02-28 17:10:00,960
2021-02-28 17:10:00,961
2021-02-28 17:10:00,963
2021-02-28 17:15:00,962
2021-02-28 17:15:00,961
2021-02-28 17:20:00,960
2021-02-28 17:20:00,962
2021-02-28 17:20:00,961
2021-02-28 17:20:00,963
2021-02-28 17:25:00,964
2021-02-28 17:25:00,962
2021-02-28 17:25:00,961
2021-02-28 17:30:00,962
2021-02-28 17:30:00,961
2021-02-28 17:30:00,963
2021-02-28 17:35:00,960
2021-02-28 17:35:00,962
2021-02-28 17:35:00,965
2021-02-28 17:35:00,961
2021-02-28 17:40:00,962
2021-02-28 17:40:00,960
2021-02-28 17:40:00,961
2021-02-28 17:55:00,961
2021-02-28 18:00:00,961
2021-02-28 18:05:00,963
2021-02-28 18:10:00,961
2021-02-28 18:15:00,960
2021-02-28 18:20:00,960
2021-02-28 18:25:00,960
2021-02-28 18:30:00,960
2021-02-28 18:35:00,960
2021-02-28 18:45:00,959
2021-02-28 18:50:00,959
2021-02-28 18:55:00,960
2021-02-28 19:00:00,962
2021-02-28 19:05:00,960
2021-02-28 19:10:00,960
2021-02-28 19:15:00,959
2021-02-28 19:15:00,960
2021-02-28 19:20:00,959
2021-02-28 19:20:00,960
2021-02-28 19:25:00,959
2021-02-28 19:25:00,960
2021-02-28 19:25:00,961
2021-02-28 19:30:00,959
2021-02-28 19:30:00,961
2021-02-28 19:30:00,960
2021-02-28 19:35:00,959
2021-02-28 19:35:00,960
2021-02-28 19:40:00,961
2021-02-28 19:40:00,960
2021-02-28 19:45:00,961
2021-02-28 19:45:00,960
2021-02-28 19:50:00,960
2021-02-28 19:50:00,961
2021-02-28 19:55:00,961
2021-02-28 19:55:00,960
2021-02-28 19:55:00,959
2021-02-28 20:00:00,960
2021-02-28 20:00:00,961
2021-02-28 20:00:00,959
2021-02-28 20:15:00,961
2021-02-28 20:15:00,960
2021-02-28 20:20:00,961
2021-02-28 20:30:00,960
2021-02-28 20:35:00,961
2021-02-28 20:40:00,960
2021-02-28 20:45:00,960
2021-02-28 20:50:00,960
2021-02-28 20:55:00,960
2021-02-28 21:00:00,960
2021-02-28 21:10:00,959
2021-02-28 21:15:00,960
2021-02-28 21:20:00,959
2021-02-28 21:20:00,960
2021-02-28 21:25:00,959
2021-02-28 21:25:00,961
2021-02-28 21:35:00,959
2021-02-28 21:40:00,959
2021-02-28 21:45:00,959
2021-02-28 21:50:00,960
2021-02-28 21:55:00,959
2021-02-28 22:00:00,959
2021-02-28 22:05:00,959
2021-02-28 22:10:00,959
2021-02-28 22:20:00,960
2021-02-28 22:25:00,958
2021-02-28 22:30:00,960
2021-02-28 22:35:00,960
2021-02-28 22:40:00,960
2021-02-28 22:45:00,959
2021-02-28 22:50:00,959
2021-02-28 22:55:00,960
2021-02-28 23:00:00,959
2021-02-28 23:05:00,960
2021-02-28 23:10:00,959
2021-02-28 23:15:00,960
2021-02-28 23:20:00,959
2021-02-28 23:25:00,961
2021-02-28 23:30:00,961
2021-02-28 23:40:00,961
2021-02-28 23:45:00,962
2021-02-28 23:50:00,961
2021-02-28 23:55:00,961
2021-03-01 00:00:00,961
2021-03-01 00:05:00,961
2021-03-01 00:10:00,961
2021-03-01 00:15:00,961
2021-03-01 00:20:00,961
2021-03-01 00:25:00,962
2021-03-01 00:35:00,962
2021-03-01 00:40:00,962
2021-03-01 00:45:00,961
2021-03-01 00:50:00,962
2021-03-01 01:00:00,961
2021-03-01 01:05:00,961
2021-03-01 01:10:00,961
2021-03-01 01:15:00,961
2021-03-01 01:20:00,962
2021-03-01 01:25:00,962
2021-03-01 01:30:00,961
2021-03-01 01:35:00,961
2021-03-01 01:40:00,962
2021-03-01 01:45:00,962
2021-03-01 01:50:00,961
2021-03-01 01:55:00,961
2021-03-01 02:00:00,962
2021-03-01 02:05:00,961
2021-03-01 02:10:00,960
2021-03-01 02:20:00,960
2021-03-01 02:25:00,960
2021-03-01 02:30:00,961
2021-03-01 02:35:00,961
2021-03-01 02:40:00,961
2021-03-01 02:45:00,960
2021-03-01 02:50:00,960
2021-03-01 02:55:00,960
2021-03-01 03:00:00,961
2021-03-01 03:05:00,961
2021-03-01 03:10:00,961
2021-03-01 03:15:00,961
2021-03-01 03:20:00,960
2021-03-01 03:25:00,961
2021-03-01 03:35:00,961
2021-03-01 03:40:00,962
2021-03-01 03:45:00,962
2021-03-01 03:50:00,962
2021-03-01 03:55:00,961
2021-03-01 04:00:00,962
2021-03-01 04:10:00,962
2021-03-01 04:15:00,961
2021-03-01 04:15:00,962
2021-03-01 04:25:00,962
2021-03-01 04:30:00,963
2021-03-01 04:35:00,963
2021-03-01 04:50:00,962
2021-03-01 04:50:00,963
2021-03-01 04:55:00,963
2021-03-01 04:55:00,962
2021-03-01 05:00:00,963
2021-03-01 05:00:00,962
2021-03-01 05:10:00,963
2021-03-01 05:15:00,962
2021-03-01 05:20:00,963
2021-03-01 05:20:00,962
2021-03-01 05:20:00,961
2021-03-01 05:25:00,961
2021-03-01 05:25:00,962
2021-03-01 05:25:00,963
2021-03-01 05:30:00,961
2021-03-01 05:30:00,963
2021-03-01 05:30:00,962
2021-03-01 05:30:00,960
2021-03-01 05:35:00,962
2021-03-01 05:35:00,963
2021-03-01 05:40:00,962
2021-03-01 05:40:00,961
2021-03-01 05:40:00,963
2021-03-01 05:45:00,962
2021-03-01 05:45:00,965
2021-03-01 05:45:00,963
2021-03-01 05:50:00,962
2021-03-01 05:50:00,963
2021-03-01 05:50:00,960
2021-03-01 05:50:00,961
2021-03-01 05:55:00,964
2021-03-01 05:55:00,962
2021-03-01 05:55:00,960
2021-03-01 05:55:00,963
2021-03-01 05:55:00,961
2021-03-01 06:00:00,961
2021-03-01 06:00:00,963
2021-03-01 06:00:00,962
2021-03-01 06:00:00,960
2021-03-01 06:05:00,961
2021-03-01 06:05:00,960
2021-03-01 06:05:00,962
2021-03-01 06:05:00,964
2021-03-01 06:05:00,959
2021-03-01 06:10:00,959
2021-03-01 06:10:00,963
2021-03-01 06:10:00,964
2021-03-01 06:10:00,962
2021-03-01 06:15:00,959
2021-03-01 06:15:00,962
2021-03-01 06:15:00,961
2021-03-01 06:15:00,963
2021-03-01 06:20:00,962
2021-03-01 06:20:00,961
2021-03-01 06:25:00,963
2021-03-01 06:25:00,962
2021-03-01 06:25:00,961
2021-03-01 06:30:00,960
2021-03-01 06:30:00,961
2021-03-01 06:30:00,962
2021-03-01 06:30:00,959
2021-03-01 06:35:00,960
2021-03-01 06:35:00,961
2021-03-01 06:35:00,959
2021-03-01 06:35:00,962
2021-03-01 06:40:00,961
2021-03-01 06:40:00,959
2021-03-01 06:40:00,960
2021-03-01 06:45:00,961
2021-03-01 06:45:00,960
2021-03-01 06:45:00,962
2021-03-01 06:50:00,962
2021-03-01 06:50:00,961
2021-03-01 06:50:00,960
2021-03-01 06:50:00,959
2021-03-01 06:55:00,960
2021-03-01 06:55:00,958
2021-03-01 06:55:00,959
2021-03-01 07:00:00,960
2021-03-01 07:00:00,961
2021-03-01 07:00:00,959
2021-03-01 07:05:00,960
2021-03-01 07:05:00,961
2021-03-01 07:05:00,959
2021-03-01 07:05:00,958
2021-03-01 07:10:00,960
2021-03-01 07:10:00,962
2021-03-01 07:10:00,961
2021-03-01 07:15:00,960
2021-03-01 07:20:00,960
2021-03-01 07:20:00,959
2021-03-01 07:25:00,960
2021-03-01 07:25:00,959
2021-03-01 07:30:00,961
2021-03-01 07:30:00,960
2021-03-01 07:30:00,962
2021-03-01 07:35:00,960
2021-03-01 07:35:00,962
2021-03-01 07:35:00,959
2021-03-01 07:40:00,960
2021-03-01 07:40:00,959
2021-03-01 07:40:00,961
2021-03-01 07:40:00,962
2021-03-01 07:45:00,960
2021-03-01 07:45:00,961
2021-03-01 08:05:00,961
2021-03-01 08:10:00,961
2021-03-01 08:15:00,961
2021-03-01 08:20:00,960
2021-03-01 08:25:00,959
2021-03-01 08:30:00,960
2021-03-01 08:35:00,960
2021-03-01 08:40:00,960
2021-03-01 08:45:00,960
2021-03-01 08:50:00,960
2021-03-01 08:55:00,960
2021-03-01 09:00:00,960
2021-03-01 09:05:00,959
2021-03-01 09:15:00,960
2021-03-01 09:20:00,959
2021-03-01 09:30:00,959
2021-03-01 09:35:00,960
2021-03-01 09:40:00,959
2021-03-01 09:45:00,960
2021-03-01 09:50:00,960
2021-03-01 09:55:00,960
2021-03-01 10:00:00,959
2021-03-01 10:05:00,961
2021-03-01 10:10:00,959
2021-03-01 10:15:00,960
2021-03-01 10:20:00,959
2021-03-01 10:25:00,960
2021-03-01 10:35:00,960
2021-03-01 10:40:00,960
2021-03-01 10:45:00,960
2021-03-01 10:50:00,961
2021-03-01 10:55:00,960
2021-03-01 11:00:00,959
2021-03-01 11:05:00,959

