2021-01-23T00:03:34.000Z,2704
2021-01-23T00:07:49.000Z,2704
2021-01-23T00:12:04.000Z,2703
2021-01-23T00:16:20.000Z,2703
2021-01-23T00:20:35.000Z,2705
2021-01-23T00:24:50.000Z,2704
2021-01-23T00:29:06.000Z,2703
2021-01-23T00:33:21.000Z,2703
2021-01-23T00:37:36.000Z,2705
2021-01-23T00:41:52.000Z,2704
2021-01-23T00:46:07.000Z,2703
2021-01-23T00:50:22.000Z,2702
2021-01-23T00:54:38.000Z,2708
2021-01-23T00:58:53.000Z,2704
2021-01-23T01:03:08.000Z,2703
2021-01-23T01:07:24.000Z,2703
2021-01-23T01:11:39.000Z,2702
2021-01-23T01:15:55.000Z,2701
2021-01-23T01:20:10.000Z,2704
2021-01-23T01:24:25.000Z,2703
2021-01-23T01:28:41.000Z,2705
2021-01-23T01:32:56.000Z,2706
2021-01-23T01:37:12.000Z,2706
2021-01-23T01:41:27.000Z,2705
2021-01-23T01:45:43.000Z,2694
2021-01-23T01:49:59.000Z,2703
2021-01-23T01:54:14.000Z,2705
2021-01-23T01:58:30.000Z,2704
2021-01-23T02:02:45.000Z,2708
2021-01-23T02:07:01.000Z,2707
2021-01-23T02:11:17.000Z,2710
2021-01-23T02:15:32.000Z,2708
2021-01-23T02:19:48.000Z,2705
2021-01-23T02:24:04.000Z,2703
2021-01-23T02:28:19.000Z,2707
2021-01-23T02:32:35.000Z,2698
2021-01-23T02:36:51.000Z,2706
2021-01-23T02:41:07.000Z,2705
2021-01-23T02:45:23.000Z,2706
2021-01-23T02:49:39.000Z,2706
2021-01-23T02:53:55.000Z,2705
2021-01-23T02:58:11.000Z,2704
2021-01-23T03:02:26.000Z,2705
2021-01-23T03:06:42.000Z,2714
2021-01-23T03:10:58.000Z,2707
2021-01-23T03:15:15.000Z,2706
2021-01-23T03:19:31.000Z,2704
2021-01-23T03:23:47.000Z,2705
2021-01-23T03:28:03.000Z,2705
2021-01-23T03:32:19.000Z,2705
2021-01-23T03:36:35.000Z,2703
2021-01-23T03:40:52.000Z,2704
2021-01-23T03:45:08.000Z,2705
2021-01-23T03:49:24.000Z,2704
2021-01-23T03:53:41.000Z,2703
2021-01-23T03:57:57.000Z,2704
2021-01-23T04:02:14.000Z,2702
2021-01-23T04:06:30.000Z,2704
2021-01-23T04:10:47.000Z,2705
2021-01-23T04:15:03.000Z,2704
2021-01-23T04:19:20.000Z,2706
2021-01-23T04:23:36.000Z,2704
2021-01-23T04:27:53.000Z,2707
2021-01-23T04:32:10.000Z,2705
2021-01-23T04:36:26.000Z,2705
2021-01-23T04:40:43.000Z,2702
2021-01-23T04:45:00.000Z,2705
2021-01-23T04:49:16.000Z,2705
2021-01-23T04:53:33.000Z,2707
2021-01-23T04:57:50.000Z,2706
2021-01-23T05:02:07.000Z,2708
2021-01-23T05:06:23.000Z,2705
2021-01-23T05:10:40.000Z,2703
2021-01-23T05:14:57.000Z,2704
2021-01-23T05:19:14.000Z,2705
2021-01-23T05:23:31.000Z,2705
2021-01-23T05:27:47.000Z,2703
2021-01-23T05:32:04.000Z,2705
2021-01-23T05:36:21.000Z,2702
2021-01-23T05:40:38.000Z,2702
2021-01-23T05:44:54.000Z,2706
2021-01-23T05:49:11.000Z,2704
2021-01-23T05:53:28.000Z,2703
2021-01-23T05:57:45.000Z,2705
2021-01-23T06:02:02.000Z,2705
2021-01-23T06:06:18.000Z,2702
2021-01-23T06:10:35.000Z,2703
2021-01-23T06:14:52.000Z,2705
2021-01-23T06:19:09.000Z,2704
2021-01-23T06:23:26.000Z,2703
2021-01-23T06:27:43.000Z,2704
2021-01-23T06:31:59.000Z,2705
2021-01-23T06:36:16.000Z,2705
2021-01-23T06:40:33.000Z,2703
2021-01-23T06:44:50.000Z,2703
2021-01-23T06:49:07.000Z,2705
2021-01-23T06:53:24.000Z,2704
2021-01-23T06:57:41.000Z,2706
2021-01-23T07:01:57.000Z,2705
2021-01-23T07:06:14.000Z,2708
2021-01-23T07:10:31.000Z,2711
2021-01-23T07:14:48.000Z,2704
2021-01-23T07:19:05.000Z,2703
2021-01-23T07:23:22.000Z,2708
2021-01-23T07:27:39.000Z,2707
2021-01-23T07:31:56.000Z,2706
2021-01-23T07:36:13.000Z,2707
2021-01-23T07:40:31.000Z,2703
2021-01-23T07:44:48.000Z,2703
2021-01-23T07:49:05.000Z,2702
2021-01-23T07:53:22.000Z,2704
2021-01-23T07:57:39.000Z,2704
2021-01-23T08:01:56.000Z,2706
2021-01-23T08:06:13.000Z,2701
2021-01-23T08:10:30.000Z,2701
2021-01-23T08:14:47.000Z,2704
2021-01-23T08:19:03.000Z,2706
2021-01-23T08:23:20.000Z,2703
2021-01-23T08:27:37.000Z,2703
2021-01-23T08:31:53.000Z,2704
2021-01-23T08:36:10.000Z,2708
2021-01-23T08:40:26.000Z,2706
2021-01-23T08:44:43.000Z,2715
2021-01-23T08:48:59.000Z,2731
2021-01-23T08:53:15.000Z,2709
2021-01-23T08:57:32.000Z,2723
2021-01-23T09:01:48.000Z,2718
2021-01-23T09:06:04.000Z,2718
2021-01-23T09:10:20.000Z,2724
2021-01-23T09:14:36.000Z,2711
2021-01-23T09:18:51.000Z,2728
2021-01-23T09:23:07.000Z,2726
2021-01-23T09:27:23.000Z,2713
2021-01-23T09:31:38.000Z,2729
2021-01-23T09:35:54.000Z,2725
2021-01-23T09:40:09.000Z,2722
2021-01-23T09:44:24.000Z,2726
2021-01-23T09:48:40.000Z,2727
2021-01-23T09:52:55.000Z,2728
2021-01-23T09:57:10.000Z,2718
2021-01-23T10:01:25.000Z,2725
2021-01-23T10:05:40.000Z,2713
2021-01-23T10:09:55.000Z,2721
2021-01-23T10:14:10.000Z,2728
2021-01-23T10:18:25.000Z,2728
2021-01-23T10:22:40.000Z,2727
2021-01-23T10:26:54.000Z,2724
2021-01-23T10:31:09.000Z,2714
2021-01-23T10:35:24.000Z,2721
2021-01-23T10:39:38.000Z,2720
2021-01-23T10:43:53.000Z,2725
2021-01-23T10:48:07.000Z,2725
2021-01-23T10:52:22.000Z,2730
2021-01-23T10:56:36.000Z,2725
2021-01-23T11:00:50.000Z,2726
2021-01-23T11:05:04.000Z,2724
2021-01-23T11:09:18.000Z,2733
2021-01-23T11:13:32.000Z,2730
2021-01-23T11:17:46.000Z,2723
2021-01-23T11:22:00.000Z,2729
2021-01-23T11:26:14.000Z,2721
2021-01-23T11:30:28.000Z,2711
2021-01-23T11:34:43.000Z,2722
2021-01-23T11:38:57.000Z,2720
2021-01-23T11:43:11.000Z,2726
2021-01-23T11:47:25.000Z,2724
2021-01-23T11:51:40.000Z,2741
2021-01-23T11:55:54.000Z,2727
2021-01-23T12:00:09.000Z,2720
2021-01-23T12:04:24.000Z,2736
2021-01-23T12:08:39.000Z,2713
2021-01-23T12:12:54.000Z,2727
2021-01-23T12:17:09.000Z,2712
2021-01-23T12:21:24.000Z,2714
2021-01-23T12:25:39.000Z,2725
2021-01-23T12:29:53.000Z,2707
2021-01-23T12:34:08.000Z,2722
2021-01-23T12:38:23.000Z,2710
2021-01-23T12:42:38.000Z,2716
2021-01-23T12:46:52.000Z,2728
2021-01-23T12:51:07.000Z,2723
2021-01-23T12:55:20.000Z,2731
2021-01-23T12:59:34.000Z,2727
2021-01-23T13:03:48.000Z,2722
2021-01-23T13:08:03.000Z,2718
2021-01-23T13:12:17.000Z,2713
2021-01-23T13:16:31.000Z,2744
2021-01-23T13:20:45.000Z,2724
2021-01-23T13:24:59.000Z,2724
2021-01-23T13:29:12.000Z,2731
2021-01-23T13:33:26.000Z,2743
2021-01-23T13:37:39.000Z,2718
2021-01-23T13:41:52.000Z,2724
2021-01-23T13:46:05.000Z,2715
2021-01-23T13:50:19.000Z,2728
2021-01-23T13:54:32.000Z,2724
2021-01-23T13:58:45.000Z,2722
2021-01-23T14:02:58.000Z,2725
2021-01-23T14:07:11.000Z,2733
2021-01-23T14:11:24.000Z,2727
2021-01-23T14:15:37.000Z,2733
2021-01-23T14:19:50.000Z,2725
2021-01-23T14:24:04.000Z,2722
2021-01-23T14:28:17.000Z,2718
2021-01-23T14:32:30.000Z,2734
2021-01-23T14:36:43.000Z,2715
2021-01-23T14:40:56.000Z,2719
2021-01-23T14:45:09.000Z,2739
2021-01-23T14:49:23.000Z,2726
2021-01-23T14:53:36.000Z,2759
2021-01-23T14:57:50.000Z,2719
2021-01-23T15:02:03.000Z,2735
2021-01-23T15:06:17.000Z,2721
2021-01-23T15:10:30.000Z,2728
2021-01-23T15:14:44.000Z,2737
2021-01-23T15:18:58.000Z,2763
2021-01-23T15:23:11.000Z,2714
2021-01-23T15:27:25.000Z,2717
2021-01-23T15:31:39.000Z,2715
2021-01-23T15:35:52.000Z,2746
2021-01-23T15:40:06.000Z,2717
2021-01-23T15:44:20.000Z,2721
2021-01-23T15:48:34.000Z,2732
2021-01-23T15:52:48.000Z,2728
2021-01-23T15:57:02.000Z,2707
2021-01-23T16:01:16.000Z,2716
2021-01-23T16:05:31.000Z,2710
2021-01-23T16:09:45.000Z,2717
2021-01-23T16:13:59.000Z,2737
2021-01-23T16:18:13.000Z,2714
2021-01-23T16:22:28.000Z,2713
2021-01-23T16:26:42.000Z,2715
2021-01-23T16:30:57.000Z,2711
2021-01-23T16:35:12.000Z,2712
2021-01-23T16:39:27.000Z,2710
2021-01-23T16:43:42.000Z,2707
2021-01-23T16:47:58.000Z,2710
2021-01-23T16:52:14.000Z,2705
2021-01-23T16:56:30.000Z,2705
2021-01-23T17:00:46.000Z,2703
2021-01-23T17:05:02.000Z,2707
2021-01-23T17:09:19.000Z,2705
2021-01-23T17:13:35.000Z,2702
2021-01-23T17:17:52.000Z,2703
2021-01-23T17:22:08.000Z,2704
2021-01-23T17:26:25.000Z,2705
2021-01-23T17:30:42.000Z,2705
2021-01-23T17:34:58.000Z,2703
2021-01-23T17:39:15.000Z,2703
2021-01-23T17:43:32.000Z,2705
2021-01-23T17:47:49.000Z,2704
2021-01-23T17:52:06.000Z,2704
2021-01-23T17:56:23.000Z,2702
2021-01-23T18:00:39.000Z,2702
2021-01-23T18:04:56.000Z,2704
2021-01-23T18:09:13.000Z,2705
2021-01-23T18:13:30.000Z,2703
2021-01-23T18:17:47.000Z,2703
2021-01-23T18:22:04.000Z,2701
2021-01-23T18:26:21.000Z,2704
2021-01-23T18:30:38.000Z,2703
2021-01-23T18:34:55.000Z,2704
2021-01-23T18:39:12.000Z,2702
2021-01-23T18:43:29.000Z,2705
2021-01-23T18:47:47.000Z,2704
2021-01-23T18:52:04.000Z,2707
2021-01-23T18:56:21.000Z,2702
2021-01-23T19:00:38.000Z,2701
2021-01-23T19:04:55.000Z,2703
2021-01-23T19:09:12.000Z,2700
2021-01-23T19:13:29.000Z,2703
2021-01-23T19:17:47.000Z,2702
2021-01-23T19:22:04.000Z,2701
2021-01-23T19:26:21.000Z,2702
2021-01-23T19:30:38.000Z,2704
2021-01-23T19:34:56.000Z,2706
2021-01-23T19:39:13.000Z,2703
2021-01-23T19:43:30.000Z,2702
2021-01-23T19:47:48.000Z,2699
2021-01-23T19:52:05.000Z,2701
2021-01-23T19:56:22.000Z,2701
2021-01-23T20:00:40.000Z,2706
2021-01-23T20:04:57.000Z,2703
2021-01-23T20:09:15.000Z,2701
2021-01-23T20:13:32.000Z,2701
2021-01-23T20:17:50.000Z,2705
2021-01-23T20:22:07.000Z,2736
2021-01-23T20:26:25.000Z,2702
2021-01-23T20:30:42.000Z,2701
2021-01-23T20:35:00.000Z,2702
2021-01-23T20:39:17.000Z,2701
2021-01-23T20:43:35.000Z,2700
2021-01-23T20:47:53.000Z,2701
2021-01-23T20:52:10.000Z,2705
2021-01-23T20:56:28.000Z,2700
2021-01-23T21:00:46.000Z,2707
2021-01-23T21:05:03.000Z,2702
2021-01-23T21:09:21.000Z,2704
2021-01-23T21:13:39.000Z,2701
2021-01-23T21:17:56.000Z,2698
2021-01-23T21:22:14.000Z,2701
2021-01-23T21:26:32.000Z,2702
2021-01-23T21:30:49.000Z,2705
2021-01-23T21:35:07.000Z,2704
2021-01-23T21:39:25.000Z,2701
2021-01-23T21:43:43.000Z,2700
2021-01-23T21:48:01.000Z,2703
2021-01-23T21:52:18.000Z,2701
2021-01-23T21:56:36.000Z,2704
2021-01-23T22:00:54.000Z,2700
2021-01-23T22:05:12.000Z,2700
2021-01-23T22:09:30.000Z,2702
2021-01-23T22:13:48.000Z,2700
2021-01-23T22:18:06.000Z,2700
2021-01-23T22:22:24.000Z,2698
2021-01-23T22:26:41.000Z,2701
2021-01-23T22:30:59.000Z,2702
2021-01-23T22:35:17.000Z,2700
2021-01-23T22:39:35.000Z,2701
2021-01-23T22:43:53.000Z,2700
2021-01-23T22:48:11.000Z,2702
2021-01-23T22:52:29.000Z,2702
2021-01-23T22:56:47.000Z,2700
2021-01-23T23:01:05.000Z,2700
2021-01-23T23:05:23.000Z,2702
2021-01-23T23:09:41.000Z,2700
2021-01-23T23:13:59.000Z,2702
2021-01-23T23:18:16.000Z,2700
2021-01-23T23:22:34.000Z,2700
2021-01-23T23:26:52.000Z,2701
2021-01-23T23:31:10.000Z,2699
2021-01-23T23:35:28.000Z,2701
2021-01-23T23:39:46.000Z,2699
2021-01-23T23:44:04.000Z,2701
2021-01-23T23:48:22.000Z,2702
2021-01-23T23:52:40.000Z,2701
2021-01-23T23:56:58.000Z,2701
2021-01-24T00:01:16.000Z,2702
2021-01-24T00:05:34.000Z,2699
2021-01-24T00:09:51.000Z,2700
2021-01-24T00:14:09.000Z,2699
2021-01-24T00:18:27.000Z,2700
2021-01-24T00:22:45.000Z,2701
2021-01-24T00:27:03.000Z,2702
2021-01-24T00:31:21.000Z,2702
2021-01-24T00:35:39.000Z,2702
2021-01-24T00:39:57.000Z,2702
2021-01-24T00:44:15.000Z,2701
2021-01-24T00:48:32.000Z,2701
2021-01-24T00:52:50.000Z,2703
2021-01-24T00:57:08.000Z,2699
2021-01-24T01:01:26.000Z,2700
2021-01-24T01:05:44.000Z,2703
2021-01-24T01:10:02.000Z,2702
2021-01-24T01:14:20.000Z,2701
2021-01-24T01:18:38.000Z,2701
2021-01-24T01:22:56.000Z,2700
2021-01-24T01:27:14.000Z,2701
2021-01-24T01:31:32.000Z,2700
2021-01-24T01:35:50.000Z,2703
2021-01-24T01:40:08.000Z,2699
2021-01-24T01:44:26.000Z,2702
2021-01-24T01:48:43.000Z,2701
2021-01-24T01:53:01.000Z,2702
2021-01-24T01:57:19.000Z,2702
2021-01-24T02:01:37.000Z,2700
2021-01-24T02:05:55.000Z,2701
2021-01-24T02:10:13.000Z,2699
2021-01-24T02:14:31.000Z,2700
2021-01-24T02:18:49.000Z,2700
2021-01-24T02:23:07.000Z,2702
2021-01-24T02:27:25.000Z,2701
2021-01-24T02:31:43.000Z,2699
2021-01-24T02:36:01.000Z,2700
2021-01-24T02:40:19.000Z,2699
2021-01-24T02:44:37.000Z,2702
2021-01-24T02:48:55.000Z,2700
2021-01-24T02:53:13.000Z,2701
2021-01-24T02:57:31.000Z,2701
2021-01-24T03:01:49.000Z,2701
2021-01-24T03:06:07.000Z,2704
2021-01-24T03:10:25.000Z,2700
2021-01-24T03:14:43.000Z,2702
2021-01-24T03:19:01.000Z,2701
2021-01-24T03:23:19.000Z,2701
2021-01-24T03:27:37.000Z,2701
2021-01-24T03:31:55.000Z,2702
2021-01-24T03:36:13.000Z,2701
2021-01-24T03:40:31.000Z,2703
2021-01-24T03:44:49.000Z,2700
2021-01-24T03:49:07.000Z,2701
2021-01-24T03:53:25.000Z,2702
2021-01-24T03:57:43.000Z,2702
2021-01-24T04:02:01.000Z,2700
2021-01-24T04:06:19.000Z,2701
2021-01-24T04:10:37.000Z,2702
2021-01-24T04:14:55.000Z,2702
2021-01-24T04:19:13.000Z,2702
2021-01-24T04:23:31.000Z,2701
2021-01-24T04:27:49.000Z,2699
2021-01-24T04:32:07.000Z,2700
2021-01-24T04:36:25.000Z,2703
2021-01-24T04:40:43.000Z,2700
2021-01-24T04:45:01.000Z,2698
2021-01-24T04:53:37.000Z,2700
2021-01-24T04:57:55.000Z,2703
2021-01-24T05:02:13.000Z,2718
2021-01-24T05:06:32.000Z,2704
2021-01-24T05:10:50.000Z,2702
2021-01-24T05:15:08.000Z,2702
2021-01-24T05:19:26.000Z,2700
2021-01-24T05:23:44.000Z,2702
2021-01-24T05:28:02.000Z,2702
2021-01-24T05:32:20.000Z,2703
2021-01-24T05:36:39.000Z,2701
2021-01-24T05:40:57.000Z,2701
2021-01-24T05:45:15.000Z,2705
2021-01-24T05:49:33.000Z,2702
2021-01-24T05:53:51.000Z,2703
2021-01-24T05:58:10.000Z,2702
2021-01-24T06:02:28.000Z,2702
2021-01-24T06:06:46.000Z,2702
2021-01-24T06:11:04.000Z,2701
2021-01-24T06:15:23.000Z,2702
2021-01-24T06:19:41.000Z,2704
2021-01-24T06:23:59.000Z,2702
2021-01-24T06:28:18.000Z,2701
2021-01-24T06:32:36.000Z,2701
2021-01-24T06:36:54.000Z,2700
2021-01-24T06:41:13.000Z,2701
2021-01-24T06:45:31.000Z,2699
2021-01-24T06:49:49.000Z,2702
2021-01-24T06:54:08.000Z,2700
2021-01-24T06:58:26.000Z,2701
2021-01-24T07:02:44.000Z,2700
2021-01-24T07:07:03.000Z,2702
2021-01-24T07:11:21.000Z,2701
2021-01-24T07:15:40.000Z,2701
2021-01-24T07:19:58.000Z,2700
2021-01-24T07:24:16.000Z,2700
2021-01-24T07:28:35.000Z,2700
2021-01-24T07:32:53.000Z,2700
2021-01-24T07:37:15.000Z,2702
2021-01-24T07:41:33.000Z,2700
2021-01-24T07:45:52.000Z,2700
2021-01-24T07:50:10.000Z,2700
2021-01-24T07:54:29.000Z,2702
2021-01-24T07:58:47.000Z,2704
2021-01-24T08:03:05.000Z,2701
2021-01-24T08:07:23.000Z,2702
2021-01-24T08:11:41.000Z,2700
2021-01-24T08:15:59.000Z,2705
2021-01-24T08:20:17.000Z,2698
2021-01-24T08:24:34.000Z,2705
2021-01-24T08:28:52.000Z,2701
2021-01-24T08:33:10.000Z,2704
2021-01-24T08:37:27.000Z,2707
2021-01-24T08:41:45.000Z,2707
2021-01-24T08:46:02.000Z,2720
2021-01-24T08:50:20.000Z,2701
2021-01-24T08:54:37.000Z,2707
2021-01-24T08:58:54.000Z,2705
2021-01-24T09:03:11.000Z,2718
2021-01-24T09:07:28.000Z,2755
2021-01-24T09:11:45.000Z,2709
2021-01-24T09:16:02.000Z,2782
2021-01-24T09:20:19.000Z,2720
2021-01-24T09:28:52.000Z,2723
2021-01-24T09:33:08.000Z,2728
2021-01-24T09:37:25.000Z,2716
2021-01-24T09:41:41.000Z,2726
2021-01-24T09:45:57.000Z,2713
2021-01-24T09:50:13.000Z,2729
2021-01-24T09:54:29.000Z,2724
2021-01-24T09:58:45.000Z,2724
2021-01-24T10:03:01.000Z,2724
2021-01-24T10:07:16.000Z,2712
2021-01-24T10:11:32.000Z,2730
2021-01-24T10:15:47.000Z,2730
2021-01-24T10:20:03.000Z,2714
2021-01-24T10:24:18.000Z,2736
2021-01-24T10:28:33.000Z,2717
2021-01-24T10:32:48.000Z,2730
2021-01-24T10:37:03.000Z,2715
2021-01-24T10:41:18.000Z,2736
2021-01-24T10:45:33.000Z,2734
2021-01-24T10:49:48.000Z,2733
2021-01-24T10:54:03.000Z,2716
2021-01-24T10:58:18.000Z,2719
2021-01-24T11:02:32.000Z,2735
2021-01-24T11:06:47.000Z,2718
2021-01-24T11:11:01.000Z,2723
2021-01-24T11:15:16.000Z,2732
2021-01-24T11:19:30.000Z,2730
2021-01-24T11:23:44.000Z,2737
2021-01-24T11:27:58.000Z,2732
2021-01-24T11:32:12.000Z,2717
2021-01-24T11:36:26.000Z,2717
2021-01-24T11:40:40.000Z,2709
2021-01-24T11:44:54.000Z,2725
2021-01-24T11:49:08.000Z,2734
2021-01-24T11:53:22.000Z,2737
2021-01-24T11:57:36.000Z,2719
2021-01-24T12:01:50.000Z,2743
2021-01-24T12:06:04.000Z,2736
2021-01-24T12:10:17.000Z,2723
2021-01-24T12:14:31.000Z,2724
2021-01-24T12:18:45.000Z,2724
2021-01-24T12:22:59.000Z,2721
2021-01-24T12:27:12.000Z,2735
2021-01-24T12:31:26.000Z,2736
2021-01-24T12:35:40.000Z,2723
2021-01-24T12:39:53.000Z,2722
2021-01-24T12:44:07.000Z,2723
2021-01-24T12:48:20.000Z,2730
2021-01-24T12:52:34.000Z,2719
2021-01-24T12:56:48.000Z,2736
2021-01-24T13:01:01.000Z,2727
2021-01-24T13:05:15.000Z,2721
2021-01-24T13:09:28.000Z,2732
2021-01-24T13:13:42.000Z,2734
2021-01-24T13:17:55.000Z,2733
2021-01-24T13:22:09.000Z,2713
2021-01-24T13:26:23.000Z,2718
2021-01-24T13:30:37.000Z,2727
2021-01-24T13:34:51.000Z,2718
2021-01-24T13:39:05.000Z,2715
2021-01-24T13:43:19.000Z,2724
2021-01-24T13:47:33.000Z,2725
2021-01-24T13:51:47.000Z,2717
2021-01-24T13:56:01.000Z,2731
2021-01-24T14:00:14.000Z,2721
2021-01-24T14:04:28.000Z,2736
2021-01-24T14:08:42.000Z,2717
2021-01-24T14:12:56.000Z,2713
2021-01-24T14:17:10.000Z,2730
2021-01-24T14:21:24.000Z,2717
2021-01-24T14:25:38.000Z,2729
2021-01-24T14:29:52.000Z,2714
2021-01-24T14:34:06.000Z,2717
2021-01-24T14:38:21.000Z,2713
2021-01-24T14:42:35.000Z,2718
2021-01-24T14:46:50.000Z,2709
2021-01-24T14:51:05.000Z,2711
2021-01-24T14:55:20.000Z,2711
2021-01-24T14:59:35.000Z,2712
2021-01-24T15:03:50.000Z,2709
2021-01-24T15:08:05.000Z,2709
2021-01-24T15:12:21.000Z,2708
2021-01-24T15:16:36.000Z,2710
2021-01-24T15:20:52.000Z,2706
2021-01-24T15:25:08.000Z,2705
2021-01-24T15:29:23.000Z,2711
2021-01-24T15:33:38.000Z,2707
2021-01-24T15:37:53.000Z,2709
2021-01-24T15:42:08.000Z,2700
2021-01-24T15:46:23.000Z,2708
2021-01-24T15:50:38.000Z,2710
2021-01-24T15:54:53.000Z,2702
2021-01-24T15:59:07.000Z,2790
2021-01-24T16:03:22.000Z,2712
2021-01-24T16:07:36.000Z,2709
2021-01-24T16:11:51.000Z,2711
2021-01-24T16:16:05.000Z,2716
2021-01-24T16:20:20.000Z,2715
2021-01-24T16:24:35.000Z,2708
2021-01-24T16:28:49.000Z,2708
2021-01-24T16:33:04.000Z,2708
2021-01-24T16:37:20.000Z,2708
2021-01-24T16:41:35.000Z,2708
2021-01-24T16:45:51.000Z,2707
2021-01-24T16:50:06.000Z,2706
2021-01-24T16:54:22.000Z,2707
2021-01-24T16:58:38.000Z,2707
2021-01-24T17:02:54.000Z,2705
2021-01-24T17:07:10.000Z,2704
2021-01-24T17:11:26.000Z,2704
2021-01-24T17:15:42.000Z,2704
2021-01-24T17:19:58.000Z,2704
2021-01-24T17:24:14.000Z,2704
2021-01-24T17:28:31.000Z,2703
2021-01-24T17:32:47.000Z,2704
2021-01-24T17:37:03.000Z,2707
2021-01-24T17:41:19.000Z,2702
2021-01-24T17:45:35.000Z,2704
2021-01-24T17:49:52.000Z,2704
2021-01-24T17:54:08.000Z,2702
2021-01-24T17:58:24.000Z,2718
2021-01-24T18:02:40.000Z,2703
2021-01-24T18:06:56.000Z,2701
2021-01-24T18:11:13.000Z,2703
2021-01-24T18:15:29.000Z,2703
2021-01-24T18:19:45.000Z,2704
2021-01-24T18:24:01.000Z,2702
2021-01-24T18:28:17.000Z,2702
2021-01-24T18:32:34.000Z,2704
2021-01-24T18:36:50.000Z,2705
2021-01-24T18:41:06.000Z,2704
2021-01-24T18:45:23.000Z,2703
2021-01-24T18:49:39.000Z,2703
2021-01-24T18:53:55.000Z,2707
2021-01-24T18:58:12.000Z,2704
2021-01-24T19:02:28.000Z,2705
2021-01-24T19:06:44.000Z,2705
2021-01-24T19:11:01.000Z,2706
2021-01-24T19:15:17.000Z,2705
2021-01-24T19:19:33.000Z,2705
2021-01-24T19:23:50.000Z,2704
2021-01-24T19:28:06.000Z,2704
2021-01-24T19:32:23.000Z,2704
2021-01-24T19:36:39.000Z,2704
2021-01-24T19:40:56.000Z,2705
2021-01-24T19:45:12.000Z,2703
2021-01-24T19:49:28.000Z,2705
2021-01-24T19:53:45.000Z,2704
2021-01-24T19:58:01.000Z,2702
2021-01-24T20:02:18.000Z,2703
2021-01-24T20:06:35.000Z,2705
2021-01-24T20:10:51.000Z,2703
2021-01-24T20:15:08.000Z,2703
2021-01-24T20:19:24.000Z,2701
2021-01-24T20:23:41.000Z,2704
2021-01-24T20:27:57.000Z,2704
2021-01-24T20:32:14.000Z,2705
2021-01-24T20:36:30.000Z,2702
2021-01-24T20:40:47.000Z,2703
2021-01-24T20:45:04.000Z,2705
2021-01-24T20:49:20.000Z,2704
2021-01-24T20:53:37.000Z,2704
2021-01-24T20:57:54.000Z,2704
2021-01-24T21:02:11.000Z,2704
2021-01-24T21:06:27.000Z,2703
2021-01-24T21:10:44.000Z,2702
2021-01-24T21:15:01.000Z,2705
2021-01-24T21:19:18.000Z,2705
2021-01-24T21:23:34.000Z,2703
2021-01-24T21:27:51.000Z,2703
2021-01-24T21:32:08.000Z,2705
2021-01-24T21:36:25.000Z,2704
2021-01-24T21:40:42.000Z,2701
2021-01-24T21:44:59.000Z,2701
2021-01-24T21:49:15.000Z,2702
2021-01-24T21:53:32.000Z,2702
2021-01-24T21:57:49.000Z,2702
2021-01-24T22:02:06.000Z,2704
2021-01-24T22:06:23.000Z,2703
2021-01-24T22:10:40.000Z,2706
2021-01-24T22:14:57.000Z,2704
2021-01-24T22:19:14.000Z,2703
2021-01-24T22:23:31.000Z,2704
2021-01-24T22:27:48.000Z,2701
2021-01-24T22:32:05.000Z,2703
2021-01-24T22:36:22.000Z,2702
2021-01-24T22:40:39.000Z,2702
2021-01-24T22:44:56.000Z,2705
2021-01-24T22:49:14.000Z,2704
2021-01-24T22:53:31.000Z,2704
2021-01-24T22:57:48.000Z,2704
2021-01-24T23:02:05.000Z,2702
2021-01-24T23:06:22.000Z,2703
2021-01-24T23:10:39.000Z,2702
2021-01-24T23:14:57.000Z,2701
2021-01-24T23:19:14.000Z,2705
2021-01-24T23:23:31.000Z,2704
2021-01-24T23:27:49.000Z,2703
2021-01-24T23:32:06.000Z,2704
2021-01-24T23:36:23.000Z,2704
2021-01-24T23:40:41.000Z,2700
2021-01-24T23:44:58.000Z,2703
2021-01-24T23:49:15.000Z,2703
2021-01-24T23:53:33.000Z,2702
2021-01-24T23:57:50.000Z,2704
2021-01-25T00:02:08.000Z,2701
2021-01-25T00:06:25.000Z,2701
2021-01-25T00:10:42.000Z,2704
2021-01-25T00:15:00.000Z,2701
2021-01-25T00:19:17.000Z,2703
2021-01-25T00:23:34.000Z,2704
2021-01-25T00:27:52.000Z,2704
2021-01-25T00:32:09.000Z,2705
2021-01-25T00:36:26.000Z,2702
2021-01-25T00:40:44.000Z,2701
2021-01-25T00:45:01.000Z,2702
2021-01-25T00:49:19.000Z,2701
2021-01-25T00:53:36.000Z,2704
2021-01-25T00:57:53.000Z,2702
2021-01-25T01:02:10.000Z,2704
2021-01-25T01:06:28.000Z,2703
2021-01-25T01:10:45.000Z,2703
2021-01-25T01:15:02.000Z,2701
2021-01-25T01:19:20.000Z,2702
2021-01-25T01:23:37.000Z,2704
2021-01-25T01:27:54.000Z,2702
2021-01-25T01:32:11.000Z,2703
2021-01-25T01:36:29.000Z,2702
2021-01-25T01:40:46.000Z,2702
2021-01-25T01:45:03.000Z,2702
2021-01-25T01:49:21.000Z,2702
2021-01-25T01:53:38.000Z,2702
2021-01-25T01:57:55.000Z,2703
2021-01-25T02:02:12.000Z,2703
2021-01-25T02:06:29.000Z,2702
2021-01-25T02:10:47.000Z,2701
2021-01-25T02:15:04.000Z,2702
2021-01-25T02:19:21.000Z,2702
2021-01-25T02:23:39.000Z,2704
2021-01-25T02:27:56.000Z,2699
2021-01-25T02:32:13.000Z,2703
2021-01-25T02:36:30.000Z,2705
2021-01-25T02:40:47.000Z,2704
2021-01-25T02:45:05.000Z,2700
2021-01-25T02:49:22.000Z,2702
2021-01-25T02:53:39.000Z,2702
2021-01-25T02:57:57.000Z,2703
2021-01-25T03:02:14.000Z,2702
2021-01-25T03:06:31.000Z,2701
2021-01-25T03:10:48.000Z,2701
2021-01-25T03:15:06.000Z,2706
2021-01-25T03:19:23.000Z,2702
2021-01-25T03:23:40.000Z,2702
2021-01-25T03:27:58.000Z,2702
2021-01-25T03:32:15.000Z,2705
2021-01-25T03:36:33.000Z,2703
2021-01-25T03:40:50.000Z,2703
2021-01-25T03:45:07.000Z,2702
2021-01-25T03:49:25.000Z,2704
2021-01-25T03:53:42.000Z,2702
2021-01-25T03:58:00.000Z,2703
2021-01-25T04:02:17.000Z,2703
2021-01-25T04:06:35.000Z,2702
2021-01-25T04:10:52.000Z,2701
2021-01-25T04:15:10.000Z,2703
2021-01-25T04:19:28.000Z,2703
2021-01-25T04:23:45.000Z,2704
2021-01-25T04:28:03.000Z,2705
2021-01-25T04:32:20.000Z,2704
2021-01-25T04:36:38.000Z,2701
2021-01-25T04:40:56.000Z,2701
2021-01-25T04:45:13.000Z,2703
2021-01-25T04:49:31.000Z,2703
2021-01-25T04:53:49.000Z,2701
2021-01-25T04:58:07.000Z,2705
2021-01-25T05:02:24.000Z,2702
2021-01-25T05:06:42.000Z,2702
2021-01-25T05:11:00.000Z,2704
2021-01-25T05:15:18.000Z,2701
2021-01-25T05:19:36.000Z,2702
2021-01-25T05:23:53.000Z,2700
2021-01-25T05:28:11.000Z,2701
2021-01-25T05:32:29.000Z,2702
2021-01-25T05:36:47.000Z,2701
2021-01-25T05:41:05.000Z,2702
2021-01-25T05:45:23.000Z,2704
2021-01-25T05:49:41.000Z,2703
2021-01-25T05:53:59.000Z,2700
2021-01-25T05:58:17.000Z,2701
2021-01-25T06:02:35.000Z,2699
2021-01-25T06:06:53.000Z,2701
2021-01-25T06:11:10.000Z,2700
2021-01-25T06:15:28.000Z,2701
2021-01-25T06:19:46.000Z,2702
2021-01-25T06:24:04.000Z,2703
2021-01-25T06:28:22.000Z,2704
2021-01-25T06:32:40.000Z,2701
2021-01-25T06:36:58.000Z,2701
2021-01-25T06:41:17.000Z,2696
2021-01-25T06:45:34.000Z,2702
2021-01-25T06:49:52.000Z,2701
2021-01-25T06:54:10.000Z,2703
2021-01-25T06:58:28.000Z,2701
2021-01-25T07:02:46.000Z,2704
2021-01-25T07:07:04.000Z,2700
2021-01-25T07:11:22.000Z,2701
2021-01-25T07:15:40.000Z,2702
2021-01-25T07:19:58.000Z,2701
2021-01-25T07:24:16.000Z,2700
2021-01-25T07:28:34.000Z,2702
2021-01-25T07:32:52.000Z,2703
2021-01-25T07:37:10.000Z,2701
2021-01-25T07:41:28.000Z,2702
2021-01-25T07:45:46.000Z,2699
2021-01-25T07:50:04.000Z,2701
2021-01-25T07:54:22.000Z,2702
2021-01-25T07:58:39.000Z,2702
2021-01-25T08:02:57.000Z,2706
2021-01-25T08:07:14.000Z,2705
2021-01-25T08:11:32.000Z,2704
2021-01-25T08:15:49.000Z,2705
2021-01-25T08:20:06.000Z,2704
2021-01-25T08:24:23.000Z,2774
2021-01-25T08:28:40.000Z,2706
2021-01-25T08:32:57.000Z,2705
2021-01-25T08:37:14.000Z,2709
2021-01-25T08:41:31.000Z,2705
2021-01-25T08:45:47.000Z,2706
2021-01-25T08:50:04.000Z,2733
2021-01-25T08:54:20.000Z,2707
2021-01-25T08:58:36.000Z,2798
2021-01-25T09:02:53.000Z,2782
2021-01-25T09:07:09.000Z,2787
2021-01-25T09:11:25.000Z,2709
2021-01-25T09:15:41.000Z,2729
2021-01-25T09:19:57.000Z,2722
2021-01-25T09:24:13.000Z,2711
2021-01-25T09:28:29.000Z,2721
2021-01-25T09:32:44.000Z,2725
2021-01-25T09:36:59.000Z,2724
2021-01-25T09:41:15.000Z,2711
2021-01-25T09:45:30.000Z,4985
2021-01-25T09:49:45.000Z,2724
2021-01-25T09:54:00.000Z,2731
2021-01-25T09:58:15.000Z,2726
2021-01-25T10:02:30.000Z,2729
2021-01-25T10:06:45.000Z,4984
2021-01-25T10:11:00.000Z,2727
2021-01-25T10:15:15.000Z,2731
2021-01-25T10:19:31.000Z,2730
2021-01-25T10:23:46.000Z,2713
2021-01-25T10:28:01.000Z,2708
2021-01-25T10:32:17.000Z,2708
2021-01-25T10:36:32.000Z,2715
2021-01-25T10:40:47.000Z,2720
2021-01-25T10:45:02.000Z,2721
2021-01-25T10:49:17.000Z,2713
2021-01-25T10:53:32.000Z,2714
2021-01-25T10:57:46.000Z,2715
2021-01-25T11:02:00.000Z,2727
2021-01-25T11:06:14.000Z,2716
2021-01-25T11:10:28.000Z,2721
2021-01-25T11:14:42.000Z,2718
2021-01-25T11:18:55.000Z,2723
2021-01-25T11:23:09.000Z,2735
2021-01-25T11:27:22.000Z,2734
2021-01-25T11:31:35.000Z,2723
2021-01-25T11:35:48.000Z,2730
2021-01-25T11:40:01.000Z,2720
2021-01-25T11:44:14.000Z,2721
2021-01-25T11:48:28.000Z,2718
2021-01-25T11:52:41.000Z,2718
2021-01-25T11:56:54.000Z,2723
2021-01-25T12:01:07.000Z,2722
2021-01-25T12:05:20.000Z,2734
2021-01-25T12:09:32.000Z,2732
2021-01-25T12:13:45.000Z,2724
2021-01-25T12:17:58.000Z,2742
2021-01-25T12:22:11.000Z,2737
2021-01-25T12:26:23.000Z,2746
2021-01-25T12:30:36.000Z,2722
2021-01-25T12:34:48.000Z,2736
2021-01-25T12:39:00.000Z,2737
2021-01-25T12:43:13.000Z,2722
2021-01-25T12:47:25.000Z,2721
2021-01-25T12:51:38.000Z,2708
2021-01-25T12:55:50.000Z,2733
2021-01-25T13:00:03.000Z,2722
2021-01-25T13:04:15.000Z,2719
2021-01-25T13:08:28.000Z,2733
2021-01-25T13:12:40.000Z,2735
2021-01-25T13:16:52.000Z,2716
2021-01-25T13:21:05.000Z,2721
2021-01-25T13:25:17.000Z,2731
2021-01-25T13:29:30.000Z,2721
2021-01-25T13:33:43.000Z,2735
2021-01-25T13:37:55.000Z,2732
2021-01-25T13:42:08.000Z,2719
2021-01-25T13:46:20.000Z,2716
2021-01-25T13:50:33.000Z,2717
2021-01-25T13:54:45.000Z,2717
2021-01-25T13:58:58.000Z,2718
2021-01-25T14:03:10.000Z,2728
2021-01-25T14:07:23.000Z,2721
2021-01-25T14:11:36.000Z,2723
2021-01-25T14:15:49.000Z,2717
2021-01-25T14:20:02.000Z,4983
2021-01-25T14:24:15.000Z,2709
2021-01-25T14:28:28.000Z,2710
2021-01-25T14:32:41.000Z,2727
2021-01-25T14:36:54.000Z,2744
2021-01-25T14:41:08.000Z,2735
2021-01-25T14:45:21.000Z,2712
2021-01-25T14:49:34.000Z,2736
2021-01-25T14:53:47.000Z,2720
2021-01-25T14:58:00.000Z,2712
2021-01-25T15:02:13.000Z,4983
2021-01-25T15:06:27.000Z,2713
2021-01-25T15:10:41.000Z,2717
2021-01-25T15:14:54.000Z,2708
2021-01-25T15:19:08.000Z,2709
2021-01-25T15:23:22.000Z,2707
2021-01-25T15:27:36.000Z,2710
2021-01-25T15:31:50.000Z,2709
2021-01-25T15:36:04.000Z,2708
2021-01-25T15:40:19.000Z,2705
2021-01-25T15:44:33.000Z,2713
2021-01-25T15:48:47.000Z,2712
2021-01-25T15:53:01.000Z,2709
2021-01-25T15:57:15.000Z,2708
2021-01-25T16:01:30.000Z,2704
2021-01-25T16:05:44.000Z,2705
2021-01-25T16:09:59.000Z,2703
2021-01-25T16:14:13.000Z,2707
2021-01-25T16:18:28.000Z,2704
2021-01-25T16:22:42.000Z,2704
2021-01-25T16:26:57.000Z,2702
2021-01-25T16:31:12.000Z,2704
2021-01-25T16:35:26.000Z,2702
2021-01-25T16:39:41.000Z,2704
2021-01-25T16:43:56.000Z,2704
2021-01-25T16:48:11.000Z,2704
2021-01-25T16:52:26.000Z,2701
2021-01-25T16:56:41.000Z,2702
2021-01-25T17:00:56.000Z,2704
2021-01-25T17:05:11.000Z,2702
2021-01-25T17:09:26.000Z,2703
2021-01-25T17:13:41.000Z,2705
2021-01-25T17:17:56.000Z,2704
2021-01-25T17:22:11.000Z,2704
2021-01-25T17:26:27.000Z,2702
2021-01-25T17:30:42.000Z,2703
2021-01-25T17:34:57.000Z,2701
2021-01-25T17:39:12.000Z,2703
2021-01-25T17:43:27.000Z,2705
2021-01-25T17:47:43.000Z,2701
2021-01-25T17:51:58.000Z,2703
2021-01-25T17:56:13.000Z,2700
2021-01-25T18:00:29.000Z,2702
2021-01-25T18:04:44.000Z,2702
2021-01-25T18:08:59.000Z,2701
2021-01-25T18:13:14.000Z,2701
2021-01-25T18:17:30.000Z,2701
2021-01-25T18:21:45.000Z,2700
2021-01-25T18:26:00.000Z,2703
2021-01-25T18:30:16.000Z,2702
2021-01-25T18:34:31.000Z,2702
2021-01-25T18:38:46.000Z,2703
2021-01-25T18:43:01.000Z,2702
2021-01-25T18:47:17.000Z,2702
2021-01-25T18:51:32.000Z,2702
2021-01-25T18:55:47.000Z,2703
2021-01-25T19:00:03.000Z,2702
2021-01-25T19:04:18.000Z,2702
2021-01-25T19:08:34.000Z,2704
2021-01-25T19:12:49.000Z,2703
2021-01-25T19:17:05.000Z,2704
2021-01-25T19:21:20.000Z,2704
2021-01-25T19:25:35.000Z,2704
2021-01-25T19:29:51.000Z,2705
2021-01-25T19:34:06.000Z,2701
2021-01-25T19:38:22.000Z,2702
2021-01-25T19:42:37.000Z,2703
2021-01-25T19:46:53.000Z,2702
2021-01-25T19:51:09.000Z,2704
2021-01-25T19:55:24.000Z,2701
2021-01-25T19:59:39.000Z,2701
2021-01-25T20:03:55.000Z,2703
2021-01-25T20:08:10.000Z,2704
2021-01-25T20:12:26.000Z,2702
2021-01-25T20:16:42.000Z,2704
2021-01-25T20:20:57.000Z,2703
2021-01-25T20:25:13.000Z,2701
2021-01-25T20:29:28.000Z,2703
2021-01-25T20:33:44.000Z,2701
2021-01-25T20:37:59.000Z,2703
2021-01-25T20:42:15.000Z,2699
2021-01-25T20:46:30.000Z,2704
2021-01-25T20:50:46.000Z,2703
2021-01-25T20:55:01.000Z,2704
2021-01-25T20:59:17.000Z,2701
2021-01-25T21:03:33.000Z,2703
2021-01-25T21:07:48.000Z,2706
2021-01-25T21:12:04.000Z,2704
2021-01-25T21:16:19.000Z,2702
2021-01-25T21:20:35.000Z,2704
2021-01-25T21:24:50.000Z,2701
2021-01-25T21:29:06.000Z,2700
2021-01-25T21:33:21.000Z,2701
2021-01-25T21:37:37.000Z,2704
2021-01-25T21:41:53.000Z,2703
2021-01-25T21:46:08.000Z,2702
2021-01-25T21:50:24.000Z,2704
2021-01-25T21:54:39.000Z,2704
2021-01-25T21:58:55.000Z,2703
2021-01-25T22:03:10.000Z,2698
2021-01-25T22:07:26.000Z,2701
2021-01-25T22:11:42.000Z,2706
2021-01-25T22:15:57.000Z,2707
2021-01-25T22:20:13.000Z,2703
2021-01-25T22:24:28.000Z,2703
2021-01-25T22:28:44.000Z,2704
2021-01-25T22:33:00.000Z,2702
2021-01-25T22:37:15.000Z,2703
2021-01-25T22:41:31.000Z,2699
2021-01-25T22:45:46.000Z,2702
2021-01-25T22:50:02.000Z,2703
2021-01-25T22:54:18.000Z,2704
2021-01-25T22:58:33.000Z,2704
2021-01-25T23:02:49.000Z,2704
2021-01-25T23:07:04.000Z,2705
2021-01-25T23:11:20.000Z,2703
2021-01-25T23:15:36.000Z,2704
2021-01-25T23:19:52.000Z,2703
2021-01-25T23:24:07.000Z,2701
2021-01-25T23:28:23.000Z,2702
2021-01-25T23:32:39.000Z,2704
2021-01-25T23:36:54.000Z,2704
2021-01-25T23:41:10.000Z,2704
2021-01-25T23:45:26.000Z,2705
2021-01-25T23:49:42.000Z,2701
2021-01-25T23:53:57.000Z,2701
2021-01-25T23:58:13.000Z,2702
2021-01-26T00:02:29.000Z,2703
2021-01-26T00:06:45.000Z,2703
2021-01-26T00:11:00.000Z,2703
2021-01-26T00:15:16.000Z,2704
2021-01-26T00:19:32.000Z,2705
2021-01-26T00:23:48.000Z,2701
2021-01-26T00:28:03.000Z,2704
2021-01-26T00:32:19.000Z,2702
2021-01-26T00:36:35.000Z,2705
2021-01-26T00:40:51.000Z,2706
2021-01-26T00:45:06.000Z,2703
2021-01-26T00:49:22.000Z,2706
2021-01-26T00:53:38.000Z,2705
2021-01-26T00:57:54.000Z,2705
2021-01-26T01:02:10.000Z,2704
2021-01-26T01:06:26.000Z,2705
2021-01-26T01:10:41.000Z,2704
2021-01-26T01:14:57.000Z,2702
2021-01-26T01:19:13.000Z,2702
2021-01-26T01:23:29.000Z,2704
2021-01-26T01:27:45.000Z,2704
2021-01-26T01:32:00.000Z,2704
2021-01-26T01:36:16.000Z,2706
2021-01-26T01:40:32.000Z,2703
2021-01-26T01:44:48.000Z,2703
2021-01-26T01:49:03.000Z,2704
2021-01-26T01:53:19.000Z,2701
2021-01-26T01:57:35.000Z,2704
2021-01-26T02:01:51.000Z,2705
2021-01-26T02:06:07.000Z,2706
2021-01-26T02:10:22.000Z,2704
2021-01-26T02:14:38.000Z,2704
2021-01-26T02:18:56.000Z,2703
2021-01-26T02:23:12.000Z,2703
2021-01-26T02:27:28.000Z,2705
2021-01-26T02:31:44.000Z,2705
2021-01-26T02:36:00.000Z,2700
2021-01-26T02:40:15.000Z,2704
2021-01-26T02:44:31.000Z,2705
2021-01-26T02:48:47.000Z,2703
2021-01-26T02:53:03.000Z,2705
2021-01-26T02:57:19.000Z,2704
2021-01-26T03:01:35.000Z,2705
2021-01-26T03:05:51.000Z,2705
2021-01-26T03:10:06.000Z,2704
2021-01-26T03:14:22.000Z,2702
2021-01-26T03:18:38.000Z,2703
2021-01-26T03:22:54.000Z,2703
2021-01-26T03:27:10.000Z,2704
2021-01-26T03:31:26.000Z,2702
2021-01-26T03:35:42.000Z,2703
2021-01-26T03:39:57.000Z,2702
2021-01-26T03:44:13.000Z,2703
2021-01-26T03:48:29.000Z,2702
2021-01-26T03:52:45.000Z,2704
2021-01-26T03:57:01.000Z,2705
2021-01-26T04:01:17.000Z,2703
2021-01-26T04:05:33.000Z,2706
2021-01-26T04:09:49.000Z,2702
2021-01-26T04:14:04.000Z,2702
2021-01-26T04:18:20.000Z,2704
2021-01-26T04:22:36.000Z,2704
2021-01-26T04:26:52.000Z,2705
2021-01-26T04:31:08.000Z,2705
2021-01-26T04:35:24.000Z,2703
2021-01-26T04:39:40.000Z,2704
2021-01-26T04:43:55.000Z,2704
2021-01-26T04:48:11.000Z,2703
2021-01-26T04:52:27.000Z,2705
2021-01-26T04:56:43.000Z,2704
2021-01-26T05:00:59.000Z,2704
2021-01-26T05:05:15.000Z,2705
2021-01-26T05:09:31.000Z,2705
2021-01-26T05:13:46.000Z,2705
2021-01-26T05:18:02.000Z,2702
2021-01-26T05:22:18.000Z,2703
2021-01-26T05:26:34.000Z,2702
2021-01-26T05:30:50.000Z,2703
2021-01-26T05:35:07.000Z,2702
2021-01-26T05:39:23.000Z,2702
2021-01-26T05:43:39.000Z,2702
2021-01-26T05:47:55.000Z,2701
2021-01-26T05:52:11.000Z,2702
2021-01-26T05:56:27.000Z,2702
2021-01-26T06:00:43.000Z,2703
2021-01-26T06:04:59.000Z,2703
2021-01-26T06:09:15.000Z,2702
2021-01-26T06:13:31.000Z,2702
2021-01-26T06:17:48.000Z,2702
2021-01-26T06:22:04.000Z,2702
2021-01-26T06:26:20.000Z,2704
2021-01-26T06:30:36.000Z,2704
2021-01-26T06:34:52.000Z,2705
2021-01-26T06:39:08.000Z,2704
2021-01-26T06:43:23.000Z,2702
2021-01-26T06:47:39.000Z,2702
2021-01-26T06:51:55.000Z,2703
2021-01-26T06:56:11.000Z,2703
2021-01-26T07:00:27.000Z,2701
2021-01-26T07:04:43.000Z,2702
2021-01-26T07:08:59.000Z,2703
2021-01-26T07:13:15.000Z,2706
2021-01-26T07:17:31.000Z,2701
2021-01-26T07:21:47.000Z,2705
2021-01-26T07:26:02.000Z,2702
2021-01-26T07:30:18.000Z,2704
2021-01-26T07:34:34.000Z,2702
2021-01-26T07:38:50.000Z,2702
2021-01-26T07:43:06.000Z,2703
2021-01-26T07:47:21.000Z,2703
2021-01-26T07:51:37.000Z,2704
2021-01-26T07:55:53.000Z,2703
2021-01-26T08:00:09.000Z,2704
2021-01-26T08:04:24.000Z,2705
2021-01-26T08:08:40.000Z,2704
2021-01-26T08:12:56.000Z,2705
2021-01-26T08:17:11.000Z,2704
2021-01-26T08:21:27.000Z,2703
2021-01-26T08:25:43.000Z,2703
2021-01-26T08:29:58.000Z,2702
2021-01-26T08:34:14.000Z,2702
2021-01-26T08:38:29.000Z,2704
2021-01-26T08:42:45.000Z,2705
2021-01-26T08:47:00.000Z,2706
2021-01-26T08:55:31.000Z,2704
2021-01-26T08:59:46.000Z,2704
2021-01-26T09:04:02.000Z,2706
2021-01-26T09:08:17.000Z,2704
2021-01-26T09:12:32.000Z,2707
2021-01-26T09:16:48.000Z,2706
2021-01-26T09:21:03.000Z,2704
2021-01-26T09:25:18.000Z,2704
2021-01-26T09:29:34.000Z,2704
2021-01-26T09:33:49.000Z,2704
2021-01-26T09:38:04.000Z,2706
2021-01-26T09:42:20.000Z,2705
2021-01-26T09:46:35.000Z,2705
2021-01-26T09:50:50.000Z,2706
2021-01-26T09:55:06.000Z,2704
2021-01-26T09:59:21.000Z,2704
2021-01-26T10:03:37.000Z,2706
2021-01-26T10:07:52.000Z,2702
2021-01-26T10:12:08.000Z,2705
2021-01-26T10:16:23.000Z,2703
2021-01-26T10:20:38.000Z,2704
2021-01-26T10:24:54.000Z,2705
2021-01-26T10:29:09.000Z,2706
2021-01-26T10:33:24.000Z,2705
2021-01-26T10:37:39.000Z,2706
2021-01-26T10:41:55.000Z,2706
2021-01-26T10:46:10.000Z,2705
2021-01-26T10:50:25.000Z,2703
2021-01-26T10:54:41.000Z,2706
2021-01-26T10:58:56.000Z,2705
2021-01-26T11:03:11.000Z,2707
2021-01-26T11:07:26.000Z,2706
2021-01-26T11:15:57.000Z,2705
2021-01-26T11:20:12.000Z,2707
2021-01-26T11:24:27.000Z,2708
2021-01-26T11:28:42.000Z,2706
2021-01-26T11:32:57.000Z,2705
2021-01-26T11:37:13.000Z,2706
2021-01-26T11:41:28.000Z,2707
2021-01-26T11:45:43.000Z,2706
2021-01-26T11:49:58.000Z,2706
2021-01-26T11:54:14.000Z,2705
2021-01-26T11:58:29.000Z,2707
2021-01-26T12:02:45.000Z,2712
2021-01-26T12:07:00.000Z,2714
2021-01-26T12:11:16.000Z,2709
2021-01-26T12:15:31.000Z,2709
2021-01-26T12:19:47.000Z,2709
2021-01-26T12:24:03.000Z,2710
2021-01-26T12:28:18.000Z,2711
2021-01-26T12:32:34.000Z,2710
2021-01-26T12:36:49.000Z,2710
2021-01-26T12:41:05.000Z,2709
2021-01-26T12:45:21.000Z,2710
2021-01-26T12:49:37.000Z,2710
2021-01-26T12:53:52.000Z,2713
2021-01-26T12:58:08.000Z,2720
2021-01-26T13:02:24.000Z,2715
2021-01-26T13:06:40.000Z,2715
2021-01-26T13:10:56.000Z,2713
2021-01-26T13:15:12.000Z,2710
2021-01-26T13:19:28.000Z,2705
2021-01-26T13:23:44.000Z,2707
2021-01-26T13:28:00.000Z,2706
2021-01-26T13:32:16.000Z,2709
2021-01-26T13:36:32.000Z,2711
2021-01-26T13:40:48.000Z,2708
2021-01-26T13:45:04.000Z,2708
2021-01-26T13:49:20.000Z,2707
2021-01-26T13:53:36.000Z,2708
2021-01-26T13:57:52.000Z,2707
2021-01-26T14:02:08.000Z,2707
2021-01-26T14:06:24.000Z,2709
2021-01-26T14:10:40.000Z,2706
2021-01-26T14:14:56.000Z,2707
2021-01-26T14:19:12.000Z,2707
2021-01-26T14:23:28.000Z,2704
2021-01-26T14:27:44.000Z,2707
2021-01-26T14:31:59.000Z,2704
2021-01-26T14:36:15.000Z,2713
2021-01-26T14:40:31.000Z,2704
2021-01-26T14:44:47.000Z,2706
2021-01-26T14:49:03.000Z,2705
2021-01-26T14:53:19.000Z,2704
2021-01-26T14:57:35.000Z,2705
2021-01-26T15:01:51.000Z,2706
2021-01-26T15:06:07.000Z,2705
2021-01-26T15:10:23.000Z,2704
2021-01-26T15:14:39.000Z,2706
2021-01-26T15:18:55.000Z,2704
2021-01-26T15:23:11.000Z,2705
2021-01-26T15:27:27.000Z,2704
2021-01-26T15:31:43.000Z,2705
2021-01-26T15:35:59.000Z,2703
2021-01-26T15:40:14.000Z,2702
2021-01-26T15:44:30.000Z,2703
2021-01-26T15:48:46.000Z,2702
2021-01-26T15:53:02.000Z,2703
2021-01-26T15:57:18.000Z,2704
2021-01-26T16:01:33.000Z,2705
2021-01-26T16:05:49.000Z,2702
2021-01-26T16:10:05.000Z,2703
2021-01-26T16:14:21.000Z,2704
2021-01-26T16:18:36.000Z,2702
2021-01-26T16:22:52.000Z,2702
2021-01-26T16:27:08.000Z,2703
2021-01-26T16:31:24.000Z,2701
2021-01-26T16:35:39.000Z,2701
2021-01-26T16:39:55.000Z,2703
2021-01-26T16:44:11.000Z,2701
2021-01-26T16:48:26.000Z,2702
2021-01-26T16:52:42.000Z,2702
2021-01-26T16:56:58.000Z,2703
2021-01-26T17:01:13.000Z,2702
2021-01-26T17:05:29.000Z,2702
2021-01-26T17:09:45.000Z,2704
2021-01-26T17:14:00.000Z,2701
2021-01-26T17:18:16.000Z,2702
2021-01-26T17:22:31.000Z,2703
2021-01-26T17:26:47.000Z,2701
2021-01-26T17:31:03.000Z,2702
2021-01-26T17:35:18.000Z,2704
2021-01-26T17:39:34.000Z,2703
2021-01-26T17:43:49.000Z,2702
2021-01-26T17:48:05.000Z,2704
2021-01-26T17:52:21.000Z,2701
2021-01-26T17:56:37.000Z,2701
2021-01-26T18:00:52.000Z,2703
2021-01-26T18:05:08.000Z,2703
2021-01-26T18:09:23.000Z,2703
2021-01-26T18:13:39.000Z,2702
2021-01-26T18:17:55.000Z,2705
2021-01-26T18:22:10.000Z,2702
2021-01-26T18:26:26.000Z,2705
2021-01-26T18:30:41.000Z,2705
2021-01-26T18:34:57.000Z,2706
2021-01-26T18:39:12.000Z,2707
2021-01-26T18:43:28.000Z,2704
2021-01-26T18:47:44.000Z,2705
2021-01-26T18:51:59.000Z,2705
2021-01-26T18:56:15.000Z,2706
2021-01-26T19:00:31.000Z,2703
2021-01-26T19:09:02.000Z,2707
2021-01-26T19:13:18.000Z,2706
2021-01-26T19:17:33.000Z,2705
2021-01-26T19:21:49.000Z,2703
2021-01-26T19:26:04.000Z,2707
2021-01-26T19:30:20.000Z,2705
2021-01-26T19:34:36.000Z,2705
2021-01-26T19:38:52.000Z,2704
2021-01-26T19:43:07.000Z,2705
2021-01-26T19:47:23.000Z,2705
2021-01-26T19:55:54.000Z,2704
2021-01-26T20:00:10.000Z,2705
2021-01-26T20:04:26.000Z,2706
2021-01-26T20:08:41.000Z,2705
2021-01-26T20:12:57.000Z,2705
2021-01-26T20:17:13.000Z,2705
2021-01-26T20:21:29.000Z,2705
2021-01-26T20:25:44.000Z,2704
2021-01-26T20:30:00.000Z,2703
2021-01-26T20:34:16.000Z,2704
2021-01-26T20:38:31.000Z,2703
2021-01-26T20:42:47.000Z,2705
2021-01-26T20:47:03.000Z,2704
2021-01-26T20:51:19.000Z,2701
2021-01-26T20:55:34.000Z,2704
2021-01-26T20:59:50.000Z,2701
2021-01-26T21:04:06.000Z,2703
2021-01-26T21:08:22.000Z,2701
2021-01-26T21:12:37.000Z,2704
2021-01-26T21:16:53.000Z,2708
2021-01-26T21:21:09.000Z,2704
2021-01-26T21:25:24.000Z,2704
2021-01-26T21:29:40.000Z,2704
2021-01-26T21:33:56.000Z,2705
2021-01-26T21:38:11.000Z,2707
2021-01-26T21:42:27.000Z,2705
2021-01-26T21:46:43.000Z,2705
2021-01-26T21:50:59.000Z,2706
2021-01-26T21:55:14.000Z,2704
2021-01-26T21:59:30.000Z,2705
2021-01-26T22:03:46.000Z,2704
2021-01-26T22:08:01.000Z,2705
2021-01-26T22:12:17.000Z,2705
2021-01-26T22:16:33.000Z,2704
2021-01-26T22:20:49.000Z,2705
2021-01-26T22:25:04.000Z,2703
2021-01-26T22:29:20.000Z,2705
2021-01-26T22:33:36.000Z,2702
2021-01-26T22:37:51.000Z,2703
2021-01-26T22:42:07.000Z,2704
2021-01-26T22:46:23.000Z,2702
2021-01-26T22:50:38.000Z,2704
2021-01-26T22:54:54.000Z,2703
2021-01-26T22:59:10.000Z,2702
2021-01-26T23:03:26.000Z,2703
2021-01-26T23:07:41.000Z,2703
2021-01-26T23:11:57.000Z,2702
2021-01-26T23:16:13.000Z,2703
2021-01-26T23:20:28.000Z,2703
2021-01-26T23:24:44.000Z,2704
2021-01-26T23:29:00.000Z,2704
2021-01-26T23:33:15.000Z,2702
2021-01-26T23:37:31.000Z,2703
2021-01-26T23:41:47.000Z,2705
2021-01-26T23:46:02.000Z,2703
2021-01-26T23:50:18.000Z,2705
2021-01-26T23:54:33.000Z,2704
2021-01-26T23:58:49.000Z,2703
2021-01-27T00:03:05.000Z,2705
2021-01-27T00:07:20.000Z,2704
2021-01-27T00:11:36.000Z,2702
2021-01-27T00:15:52.000Z,2702
2021-01-27T00:20:07.000Z,2704
2021-01-27T00:24:23.000Z,2701
2021-01-27T00:28:38.000Z,2703
2021-01-27T00:32:54.000Z,2704
2021-01-27T00:37:10.000Z,2703
2021-01-27T00:41:25.000Z,2704
2021-01-27T00:45:41.000Z,2706
2021-01-27T00:49:57.000Z,2703
2021-01-27T00:54:12.000Z,2704
2021-01-27T00:58:28.000Z,2702
2021-01-27T01:02:44.000Z,2703
2021-01-27T01:06:59.000Z,2702
2021-01-27T01:11:15.000Z,2704
2021-01-27T01:15:31.000Z,2703
2021-01-27T01:19:47.000Z,2703
2021-01-27T01:24:02.000Z,2704
2021-01-27T01:28:18.000Z,2704
2021-01-27T01:32:34.000Z,2705
2021-01-27T01:36:50.000Z,2705
2021-01-27T01:41:06.000Z,2707
2021-01-27T01:45:21.000Z,2704
2021-01-27T01:49:37.000Z,2705
2021-01-27T01:53:53.000Z,2704
2021-01-27T01:58:09.000Z,2704
2021-01-27T02:02:24.000Z,2706
2021-01-27T02:06:40.000Z,2702
2021-01-27T02:10:56.000Z,2701
2021-01-27T02:15:12.000Z,2701
2021-01-27T02:19:28.000Z,2700
2021-01-27T02:23:43.000Z,2703
2021-01-27T02:27:59.000Z,2703
2021-01-27T02:32:15.000Z,2704
2021-01-27T02:36:31.000Z,2704
2021-01-27T02:40:46.000Z,2704
2021-01-27T02:45:02.000Z,2707
2021-01-27T02:49:18.000Z,2703
2021-01-27T02:53:34.000Z,2705
2021-01-27T02:57:50.000Z,2706
2021-01-27T03:02:05.000Z,2704
2021-01-27T03:06:21.000Z,2706
2021-01-27T03:10:37.000Z,2706
2021-01-27T03:14:53.000Z,2702
2021-01-27T03:19:09.000Z,2706
2021-01-27T03:23:25.000Z,2705
2021-01-27T03:27:40.000Z,2704
2021-01-27T03:31:56.000Z,2703
2021-01-27T03:36:12.000Z,2702
2021-01-27T03:40:28.000Z,2704
2021-01-27T03:44:44.000Z,2702
2021-01-27T03:49:00.000Z,2706
2021-01-27T03:53:16.000Z,2705
2021-01-27T03:57:32.000Z,2706
2021-01-27T04:01:47.000Z,2703
2021-01-27T04:06:03.000Z,2704
2021-01-27T04:10:19.000Z,2702
2021-01-27T04:14:35.000Z,2704
2021-01-27T04:18:51.000Z,2703
2021-01-27T04:23:07.000Z,2704
2021-01-27T04:27:23.000Z,2705
2021-01-27T04:31:39.000Z,2705
2021-01-27T04:35:55.000Z,2704
2021-01-27T04:40:11.000Z,2704
2021-01-27T04:44:27.000Z,2705
2021-01-27T04:48:43.000Z,2702
2021-01-27T04:52:59.000Z,2704
2021-01-27T04:57:14.000Z,2705
2021-01-27T05:01:30.000Z,2704
2021-01-27T05:05:46.000Z,2703
2021-01-27T05:10:02.000Z,2702
2021-01-27T05:14:18.000Z,2704
2021-01-27T05:18:34.000Z,2702
2021-01-27T05:22:50.000Z,2704
2021-01-27T05:27:06.000Z,2704
2021-01-27T05:31:21.000Z,2702
2021-01-27T05:35:37.000Z,2703
2021-01-27T05:39:53.000Z,2704
2021-01-27T05:44:09.000Z,2701
2021-01-27T05:48:25.000Z,2702
2021-01-27T05:52:41.000Z,2701
2021-01-27T05:56:56.000Z,2702
2021-01-27T06:01:12.000Z,2701
2021-01-27T06:05:28.000Z,2702
2021-01-27T06:09:44.000Z,2701
2021-01-27T06:14:00.000Z,2704
2021-01-27T06:18:15.000Z,2702
2021-01-27T06:22:31.000Z,2703
2021-01-27T06:26:47.000Z,2703
2021-01-27T06:31:03.000Z,2703
2021-01-27T06:35:18.000Z,2704
2021-01-27T06:39:34.000Z,2704
2021-01-27T06:43:50.000Z,2705
2021-01-27T06:48:06.000Z,2704
2021-01-27T06:52:22.000Z,2704
2021-01-27T06:56:38.000Z,2704
2021-01-27T07:00:54.000Z,2703
2021-01-27T07:05:10.000Z,2701
2021-01-27T07:09:25.000Z,2701
2021-01-27T07:13:41.000Z,2702
2021-01-27T07:17:57.000Z,2701
2021-01-27T07:22:13.000Z,2702
2021-01-27T07:26:29.000Z,2702
2021-01-27T07:30:45.000Z,2701
2021-01-27T07:35:01.000Z,2701
2021-01-27T07:39:17.000Z,2701
2021-01-27T07:43:33.000Z,2700
2021-01-27T07:47:49.000Z,2702
2021-01-27T07:52:04.000Z,2702
2021-01-27T07:56:20.000Z,2705
2021-01-27T08:00:36.000Z,2701
2021-01-27T08:04:51.000Z,2704
2021-01-27T08:09:07.000Z,2700
2021-01-27T08:13:22.000Z,2708
2021-01-27T08:17:38.000Z,2705
2021-01-27T08:21:53.000Z,2730
2021-01-27T08:26:08.000Z,2695
2021-01-27T08:30:24.000Z,2707
2021-01-27T08:34:39.000Z,4985
2021-01-27T08:38:54.000Z,2709
2021-01-27T08:43:09.000Z,2705
2021-01-27T08:47:23.000Z,2718
2021-01-27T08:51:38.000Z,2727
2021-01-27T08:55:53.000Z,4983
2021-01-27T09:00:08.000Z,4985
2021-01-27T09:04:22.000Z,2709
2021-01-27T09:08:36.000Z,2728
2021-01-27T09:12:51.000Z,2709
2021-01-27T09:17:05.000Z,2711
2021-01-27T09:21:19.000Z,2726
2021-01-27T09:25:33.000Z,2719
2021-01-27T09:29:47.000Z,2728
2021-01-27T09:34:01.000Z,2722
2021-01-27T09:38:15.000Z,2721
2021-01-27T09:42:28.000Z,2721
2021-01-27T09:46:42.000Z,2720
2021-01-27T09:50:56.000Z,2720
2021-01-27T09:55:10.000Z,2713
2021-01-27T09:59:24.000Z,2711
2021-01-27T10:03:38.000Z,2711
2021-01-27T10:07:52.000Z,2716
2021-01-27T10:12:06.000Z,2709
2021-01-27T10:16:21.000Z,2709
2021-01-27T10:20:35.000Z,2714
2021-01-27T10:24:49.000Z,2708
2021-01-27T10:29:04.000Z,2710
2021-01-27T10:33:18.000Z,2705
2021-01-27T10:37:33.000Z,2720
2021-01-27T10:41:47.000Z,2709
2021-01-27T10:46:02.000Z,2708
2021-01-27T10:50:16.000Z,2713
2021-01-27T10:54:31.000Z,2711
2021-01-27T10:58:45.000Z,2711
2021-01-27T11:03:00.000Z,2708
2021-01-27T11:07:14.000Z,2710
2021-01-27T11:11:29.000Z,2706
2021-01-27T11:15:43.000Z,2707
2021-01-27T11:19:58.000Z,2716
2021-01-27T11:24:12.000Z,2707
2021-01-27T11:28:27.000Z,2707
2021-01-27T11:32:41.000Z,2708
2021-01-27T11:36:55.000Z,2713
2021-01-27T11:41:10.000Z,2721
2021-01-27T11:45:24.000Z,2712
2021-01-27T11:49:39.000Z,2711
2021-01-27T11:53:53.000Z,2713
2021-01-27T11:58:07.000Z,2709
2021-01-27T12:02:22.000Z,2707
2021-01-27T12:06:36.000Z,2713
2021-01-27T12:10:51.000Z,2715
2021-01-27T12:19:20.000Z,2709
2021-01-27T12:23:34.000Z,2719
2021-01-27T12:27:49.000Z,2709
2021-01-27T12:32:03.000Z,2711
2021-01-27T12:36:18.000Z,2709
2021-01-27T12:40:33.000Z,2710
2021-01-27T12:44:47.000Z,2710
2021-01-27T12:49:02.000Z,2707
2021-01-27T12:53:17.000Z,2709
2021-01-27T12:57:31.000Z,2708
2021-01-27T13:01:46.000Z,2706
2021-01-27T13:06:01.000Z,2708
2021-01-27T13:10:16.000Z,2705
2021-01-27T13:14:30.000Z,2711
2021-01-27T13:18:45.000Z,2708
2021-01-27T13:22:59.000Z,2708
2021-01-27T13:27:14.000Z,2699
2021-01-27T13:31:29.000Z,2702
2021-01-27T13:35:43.000Z,2709
2021-01-27T13:39:58.000Z,2713
2021-01-27T13:44:12.000Z,2710
2021-01-27T13:48:27.000Z,2705
2021-01-27T13:52:41.000Z,2713
2021-01-27T13:56:55.000Z,2711
2021-01-27T14:01:10.000Z,2709
2021-01-27T14:05:24.000Z,2711
2021-01-27T14:09:39.000Z,2716
2021-01-27T14:13:53.000Z,2711
2021-01-27T14:18:08.000Z,2705
2021-01-27T14:22:23.000Z,2714
2021-01-27T14:26:37.000Z,2706
2021-01-27T14:30:52.000Z,2708
2021-01-27T14:35:07.000Z,2724
2021-01-27T14:39:22.000Z,2707
2021-01-27T14:43:36.000Z,2707
2021-01-27T14:47:51.000Z,2705
2021-01-27T14:52:06.000Z,2705
2021-01-27T14:56:20.000Z,2706
2021-01-27T15:00:35.000Z,2707
2021-01-27T15:04:50.000Z,2708
2021-01-27T15:09:05.000Z,2708
2021-01-27T15:13:19.000Z,2714
2021-01-27T15:17:34.000Z,2708
2021-01-27T15:21:49.000Z,2708
2021-01-27T15:26:04.000Z,2707
2021-01-27T15:30:18.000Z,2705
2021-01-27T15:34:33.000Z,2711
2021-01-27T15:38:48.000Z,2708
2021-01-27T15:43:03.000Z,2706
2021-01-27T15:47:17.000Z,2705
2021-01-27T15:51:32.000Z,2708
2021-01-27T15:55:47.000Z,2709
2021-01-27T16:00:02.000Z,2706
2021-01-27T16:04:17.000Z,2707
2021-01-27T16:08:31.000Z,2705
2021-01-27T16:12:46.000Z,2708
2021-01-27T16:17:01.000Z,2708
2021-01-27T16:21:16.000Z,2705
2021-01-27T16:25:31.000Z,2707
2021-01-27T16:29:46.000Z,2706
2021-01-27T16:34:01.000Z,2705
2021-01-27T16:38:17.000Z,2707
2021-01-27T16:42:32.000Z,2705
2021-01-27T16:46:47.000Z,2705
2021-01-27T16:51:02.000Z,2705
2021-01-27T16:55:17.000Z,2706
2021-01-27T16:59:32.000Z,2706
2021-01-27T17:03:47.000Z,2704
2021-01-27T17:08:03.000Z,2705
2021-01-27T17:12:18.000Z,2706
2021-01-27T17:16:34.000Z,2705
2021-01-27T17:20:49.000Z,2704
2021-01-27T17:25:04.000Z,2708
2021-01-27T17:29:19.000Z,2705
2021-01-27T17:33:35.000Z,2705
2021-01-27T17:37:50.000Z,2706
2021-01-27T17:42:05.000Z,2704
2021-01-27T17:46:20.000Z,2705
2021-01-27T17:50:36.000Z,2704
2021-01-27T17:54:51.000Z,2707
2021-01-27T17:59:06.000Z,2703
2021-01-27T18:03:22.000Z,2705
2021-01-27T18:07:37.000Z,2704
2021-01-27T18:11:53.000Z,2707
2021-01-27T18:16:08.000Z,2706
2021-01-27T18:20:23.000Z,2707
2021-01-27T18:24:39.000Z,2707
2021-01-27T18:28:54.000Z,2709
2021-01-27T18:33:10.000Z,2707
2021-01-27T18:37:25.000Z,2706
2021-01-27T18:41:41.000Z,2705
2021-01-27T18:45:56.000Z,2707
2021-01-27T18:50:12.000Z,2710
2021-01-27T18:54:27.000Z,2708
2021-01-27T18:58:43.000Z,2705
2021-01-27T19:02:58.000Z,2706
2021-01-27T19:07:14.000Z,2707
2021-01-27T19:11:29.000Z,2707
2021-01-27T19:15:45.000Z,2705
2021-01-27T19:20:00.000Z,2705
2021-01-27T19:24:16.000Z,2707
2021-01-27T19:28:32.000Z,2704
2021-01-27T19:32:47.000Z,2704
2021-01-27T19:37:03.000Z,2705
2021-01-27T19:41:18.000Z,2704
2021-01-27T19:45:34.000Z,2704
2021-01-27T19:49:50.000Z,2707
2021-01-27T19:54:06.000Z,2707
2021-01-27T19:58:21.000Z,2705
2021-01-27T20:02:37.000Z,2706
2021-01-27T20:06:53.000Z,2706
2021-01-27T20:11:08.000Z,2705
2021-01-27T20:15:24.000Z,2703
2021-01-27T20:19:40.000Z,2705
2021-01-27T20:23:56.000Z,2707
2021-01-27T20:28:11.000Z,2706
2021-01-27T20:32:27.000Z,2707
2021-01-27T20:36:43.000Z,2706
2021-01-27T20:40:59.000Z,2703
2021-01-27T20:45:15.000Z,2707
2021-01-27T20:49:30.000Z,2707
2021-01-27T20:53:46.000Z,2703
2021-01-27T20:58:02.000Z,2708
2021-01-27T21:02:18.000Z,2704
2021-01-27T21:06:34.000Z,2706
2021-01-27T21:10:50.000Z,2705
2021-01-27T21:15:06.000Z,2705
2021-01-27T21:19:22.000Z,2704
2021-01-27T21:23:38.000Z,2707
2021-01-27T21:27:54.000Z,2704
2021-01-27T21:32:09.000Z,2705
2021-01-27T21:36:25.000Z,2705
2021-01-27T21:40:41.000Z,2704
2021-01-27T21:44:58.000Z,2705
2021-01-27T21:49:14.000Z,2705
2021-01-27T21:53:30.000Z,2705
2021-01-27T21:57:46.000Z,2706
2021-01-27T22:02:02.000Z,2704
2021-01-27T22:06:18.000Z,2707
2021-01-27T22:10:34.000Z,2705
2021-01-27T22:14:50.000Z,2707
2021-01-27T22:19:07.000Z,2704
2021-01-27T22:23:23.000Z,2703
2021-01-27T22:27:39.000Z,2704
2021-01-27T22:31:55.000Z,2706
2021-01-27T22:36:12.000Z,2702
2021-01-27T22:40:28.000Z,2707
2021-01-27T22:44:44.000Z,2705
2021-01-27T22:49:01.000Z,2705
2021-01-27T22:53:17.000Z,2704
2021-01-27T22:57:33.000Z,2705
2021-01-27T23:01:49.000Z,2703
2021-01-27T23:06:06.000Z,2705
2021-01-27T23:10:22.000Z,2707
2021-01-27T23:14:39.000Z,2704
2021-01-27T23:18:55.000Z,2704
2021-01-27T23:23:11.000Z,2706
2021-01-27T23:27:28.000Z,2705
2021-01-27T23:31:44.000Z,2704
2021-01-27T23:36:01.000Z,2703
2021-01-27T23:40:17.000Z,2704
2021-01-27T23:44:34.000Z,2706
2021-01-27T23:48:50.000Z,2705
2021-01-27T23:53:07.000Z,2705
2021-01-27T23:57:23.000Z,2704
2021-01-28T00:01:40.000Z,2706
2021-01-28T00:05:57.000Z,2704
2021-01-28T00:10:13.000Z,2703
2021-01-28T00:14:30.000Z,2705
2021-01-28T00:18:46.000Z,2705
2021-01-28T00:23:03.000Z,2704
2021-01-28T00:27:19.000Z,2702
2021-01-28T00:31:36.000Z,2703
2021-01-28T00:35:52.000Z,2705
2021-01-28T00:40:09.000Z,2707
2021-01-28T00:44:26.000Z,2705
2021-01-28T00:48:42.000Z,2705
2021-01-28T00:52:59.000Z,2705
2021-01-28T00:57:16.000Z,2706
2021-01-28T01:01:32.000Z,2706
2021-01-28T01:05:49.000Z,2706
2021-01-28T01:10:05.000Z,2707
2021-01-28T01:14:22.000Z,2706
2021-01-28T01:18:38.000Z,2705
2021-01-28T01:22:55.000Z,2704
2021-01-28T01:27:12.000Z,2704
2021-01-28T01:31:28.000Z,2703
2021-01-28T01:35:45.000Z,2706
2021-01-28T01:40:01.000Z,2704
2021-01-28T01:44:18.000Z,2706
2021-01-28T01:48:34.000Z,2704
2021-01-28T01:52:51.000Z,2704
2021-01-28T01:57:08.000Z,2705
2021-01-28T02:01:24.000Z,2704
2021-01-28T02:05:41.000Z,2702
2021-01-28T02:09:58.000Z,2707
2021-01-28T02:14:14.000Z,2704
2021-01-28T02:18:31.000Z,2704
2021-01-28T02:22:48.000Z,2703
2021-01-28T02:27:04.000Z,2705
2021-01-28T02:31:21.000Z,2707
2021-01-28T02:35:38.000Z,2704
2021-01-28T02:39:54.000Z,2704
2021-01-28T02:44:11.000Z,2706
2021-01-28T02:48:27.000Z,2703
2021-01-28T02:52:44.000Z,2703
2021-01-28T02:57:01.000Z,2703
2021-01-28T03:01:17.000Z,2705
2021-01-28T03:05:34.000Z,2704
2021-01-28T03:09:51.000Z,2702
2021-01-28T03:14:07.000Z,2704
2021-01-28T03:18:24.000Z,2702
2021-01-28T03:22:41.000Z,2705
2021-01-28T03:26:57.000Z,2702
2021-01-28T03:31:14.000Z,2702
2021-01-28T03:35:31.000Z,2705
2021-01-28T03:39:47.000Z,2705
2021-01-28T03:44:04.000Z,2705
2021-01-28T03:48:20.000Z,2703
2021-01-28T03:52:37.000Z,2699
2021-01-28T03:56:54.000Z,2705
2021-01-28T04:01:10.000Z,2705
2021-01-28T04:05:27.000Z,2707
2021-01-28T04:09:44.000Z,2706
2021-01-28T04:14:00.000Z,2703
2021-01-28T04:18:17.000Z,2705
2021-01-28T04:22:34.000Z,2698
2021-01-28T04:26:50.000Z,2701
2021-01-28T04:31:07.000Z,2705
2021-01-28T04:35:23.000Z,2705
2021-01-28T04:39:40.000Z,2705
2021-01-28T04:43:57.000Z,2705
2021-01-28T04:48:13.000Z,2700
2021-01-28T04:52:30.000Z,2704
2021-01-28T04:56:47.000Z,2708
2021-01-28T05:01:03.000Z,2704
2021-01-28T05:05:20.000Z,2704
2021-01-28T05:09:36.000Z,2706
2021-01-28T05:13:53.000Z,2719
2021-01-28T05:18:10.000Z,2703
2021-01-28T05:22:26.000Z,2703
2021-01-28T05:26:43.000Z,2704
2021-01-28T05:31:00.000Z,2704
2021-01-28T05:35:16.000Z,2701
2021-01-28T05:39:33.000Z,2705
2021-01-28T05:43:49.000Z,2707
2021-01-28T05:48:06.000Z,2704
2021-01-28T05:52:23.000Z,2704
2021-01-28T05:56:39.000Z,2704
2021-01-28T06:00:56.000Z,2709
2021-01-28T06:05:13.000Z,2704
2021-01-28T06:09:29.000Z,2705
2021-01-28T06:13:46.000Z,2705
2021-01-28T06:18:02.000Z,2703
2021-01-28T06:22:19.000Z,2702
2021-01-28T06:26:36.000Z,2705
2021-01-28T06:30:52.000Z,2704
2021-01-28T06:35:09.000Z,2702
2021-01-28T06:39:26.000Z,2705
2021-01-28T06:43:42.000Z,2707
2021-01-28T06:47:59.000Z,2705
2021-01-28T06:52:16.000Z,2705
2021-01-28T06:56:33.000Z,2704
2021-01-28T07:00:49.000Z,2708
2021-01-28T07:05:06.000Z,2704
2021-01-28T07:09:23.000Z,2704
2021-01-28T07:13:40.000Z,2703
2021-01-28T07:17:56.000Z,2702
2021-01-28T07:22:13.000Z,2703
2021-01-28T07:26:30.000Z,2704
2021-01-28T07:30:47.000Z,2701
2021-01-28T07:35:04.000Z,2704
2021-01-28T07:39:20.000Z,2703
2021-01-28T07:43:37.000Z,2703
2021-01-28T07:47:54.000Z,2703
2021-01-28T07:52:11.000Z,2702
2021-01-28T07:56:27.000Z,2703
2021-01-28T08:00:44.000Z,2702
2021-01-28T08:05:01.000Z,2705
2021-01-28T08:09:18.000Z,2704
2021-01-28T08:13:34.000Z,2702
2021-01-28T08:17:51.000Z,2705
2021-01-28T08:22:08.000Z,2704
2021-01-28T08:26:24.000Z,2702
2021-01-28T08:30:41.000Z,2704
2021-01-28T08:34:58.000Z,2703
2021-01-28T08:39:15.000Z,2705
2021-01-28T08:43:31.000Z,2705
2021-01-28T08:47:48.000Z,2707
2021-01-28T08:52:05.000Z,2703
2021-01-28T08:56:21.000Z,2702
2021-01-28T09:00:38.000Z,2704
2021-01-28T09:04:55.000Z,2704
2021-01-28T09:09:11.000Z,2703
2021-01-28T09:13:28.000Z,2723
2021-01-28T09:17:44.000Z,2707
2021-01-28T09:22:00.000Z,2702
2021-01-28T09:26:17.000Z,2705
2021-01-28T09:30:33.000Z,2703
2021-01-28T09:34:49.000Z,2751
2021-01-28T09:39:05.000Z,2708
2021-01-28T09:43:21.000Z,2714
2021-01-28T09:47:37.000Z,2711
2021-01-28T09:51:53.000Z,2729
2021-01-28T09:56:09.000Z,2732
2021-01-28T10:00:25.000Z,2710
2021-01-28T10:04:40.000Z,2712
2021-01-28T10:08:56.000Z,2719
2021-01-28T10:13:11.000Z,2737
2021-01-28T10:17:26.000Z,2719
2021-01-28T10:21:41.000Z,2715
2021-01-28T10:25:56.000Z,2735
2021-01-28T10:30:11.000Z,2728
2021-01-28T10:34:25.000Z,2728
2021-01-28T10:38:40.000Z,2722
2021-01-28T10:42:54.000Z,2735
2021-01-28T10:47:09.000Z,2731
2021-01-28T10:51:23.000Z,2729
2021-01-28T10:55:37.000Z,2746
2021-01-28T10:59:52.000Z,2726
2021-01-28T11:04:06.000Z,2731
2021-01-28T11:08:20.000Z,2727
2021-01-28T11:12:34.000Z,2726
2021-01-28T11:16:48.000Z,2729
2021-01-28T11:21:01.000Z,2731
2021-01-28T11:29:29.000Z,2736
2021-01-28T11:33:42.000Z,2729
2021-01-28T11:37:56.000Z,2729
2021-01-28T11:42:09.000Z,2738
2021-01-28T11:46:23.000Z,2716
2021-01-28T11:50:37.000Z,2724
2021-01-28T11:54:50.000Z,2726
2021-01-28T11:59:04.000Z,2725
2021-01-28T12:03:17.000Z,2731
2021-01-28T12:07:31.000Z,2717
2021-01-28T12:11:44.000Z,2733
2021-01-28T12:15:57.000Z,2728
2021-01-28T12:20:11.000Z,2726
2021-01-28T12:24:24.000Z,2725
2021-01-28T12:32:50.000Z,2735
2021-01-28T12:37:03.000Z,2717
2021-01-28T12:41:16.000Z,2737
2021-01-28T12:45:29.000Z,2721
2021-01-28T12:49:42.000Z,2740
2021-01-28T12:53:55.000Z,2737
2021-01-28T12:58:08.000Z,2728
2021-01-28T13:02:21.000Z,2722
2021-01-28T13:06:34.000Z,2717
2021-01-28T13:10:47.000Z,2726
2021-01-28T13:15:00.000Z,2726
2021-01-28T13:19:13.000Z,2733
2021-01-28T13:23:25.000Z,2730
2021-01-28T13:27:38.000Z,2732
2021-01-28T13:31:50.000Z,2733
2021-01-28T13:36:03.000Z,2754
2021-01-28T13:40:16.000Z,2724
2021-01-28T13:44:29.000Z,2721
2021-01-28T13:48:41.000Z,2730
2021-01-28T13:52:54.000Z,2730
2021-01-28T13:57:07.000Z,2736
2021-01-28T14:01:20.000Z,2723
2021-01-28T14:05:33.000Z,2731
2021-01-28T14:09:46.000Z,2727
2021-01-28T14:13:59.000Z,2732
2021-01-28T14:18:12.000Z,2738
2021-01-28T14:22:25.000Z,2740
2021-01-28T14:26:38.000Z,2722
2021-01-28T14:30:51.000Z,2734
2021-01-28T14:35:04.000Z,2731
2021-01-28T14:39:17.000Z,2734
2021-01-28T14:43:30.000Z,2727
2021-01-28T14:47:43.000Z,2733
2021-01-28T14:51:56.000Z,2733
2021-01-28T14:56:09.000Z,2733
2021-01-28T15:00:22.000Z,2734
2021-01-28T15:04:36.000Z,2719
2021-01-28T15:08:49.000Z,2742
2021-01-28T15:13:02.000Z,2718
2021-01-28T15:17:16.000Z,2732
2021-01-28T15:21:29.000Z,2736
2021-01-28T15:25:42.000Z,2738
2021-01-28T15:29:56.000Z,2736
2021-01-28T15:34:09.000Z,2727
2021-01-28T15:38:23.000Z,2738
2021-01-28T15:42:36.000Z,2714
2021-01-28T15:46:50.000Z,2720
2021-01-28T15:51:04.000Z,2725
2021-01-28T15:55:18.000Z,2711
2021-01-28T15:59:32.000Z,2720
2021-01-28T16:03:45.000Z,2736
2021-01-28T16:07:59.000Z,2731
2021-01-28T16:12:13.000Z,2732
2021-01-28T16:16:27.000Z,2753
2021-01-28T16:20:42.000Z,2718
2021-01-28T16:24:56.000Z,2708
2021-01-28T16:29:11.000Z,2714
2021-01-28T16:33:25.000Z,2716
2021-01-28T16:37:40.000Z,2709
2021-01-28T16:41:54.000Z,2714
2021-01-28T16:46:09.000Z,2715
2021-01-28T16:50:24.000Z,2712
2021-01-28T16:54:40.000Z,2712
2021-01-28T16:58:56.000Z,2712
2021-01-28T17:03:12.000Z,2710
2021-01-28T17:07:28.000Z,2717
2021-01-28T17:11:45.000Z,2706
2021-01-28T17:16:01.000Z,2710
2021-01-28T17:20:18.000Z,2709
2021-01-28T17:24:35.000Z,2704
2021-01-28T17:28:51.000Z,2705
2021-01-28T17:33:08.000Z,2708
2021-01-28T17:37:25.000Z,2703
2021-01-28T17:41:42.000Z,2707
2021-01-28T17:45:59.000Z,2710
2021-01-28T17:50:16.000Z,2707
2021-01-28T17:54:33.000Z,2703
2021-01-28T17:58:51.000Z,2703
2021-01-28T18:03:08.000Z,2702
2021-01-28T18:07:25.000Z,2704
2021-01-28T18:11:42.000Z,2709
2021-01-28T18:16:00.000Z,2707
2021-01-28T18:20:17.000Z,2705
2021-01-28T18:24:34.000Z,2707
2021-01-28T18:28:52.000Z,2707
2021-01-28T18:33:09.000Z,2706
2021-01-28T18:37:27.000Z,2705
2021-01-28T18:41:44.000Z,2704
2021-01-28T18:46:02.000Z,2703
2021-01-28T18:50:19.000Z,2704
2021-01-28T18:54:37.000Z,2706
2021-01-28T18:58:55.000Z,2702
2021-01-28T19:03:12.000Z,2704
2021-01-28T19:07:30.000Z,2705
2021-01-28T19:11:48.000Z,2712
2021-01-28T19:16:05.000Z,2705
2021-01-28T19:20:23.000Z,2705
2021-01-28T19:24:41.000Z,2701
2021-01-28T19:28:59.000Z,2710
2021-01-28T19:33:16.000Z,2704
2021-01-28T19:37:34.000Z,2701
2021-01-28T19:41:52.000Z,2702
2021-01-28T19:46:10.000Z,2702
2021-01-28T19:50:28.000Z,2711
2021-01-28T19:54:46.000Z,2703
2021-01-28T19:59:04.000Z,2701
2021-01-28T20:03:22.000Z,2703
2021-01-28T20:07:40.000Z,2723
2021-01-28T20:11:59.000Z,2703
2021-01-28T20:16:17.000Z,2708
2021-01-28T20:20:35.000Z,2709
2021-01-28T20:24:53.000Z,2705
2021-01-28T20:29:11.000Z,2698
2021-01-28T20:33:29.000Z,2705
2021-01-28T20:37:48.000Z,2711
2021-01-28T20:46:24.000Z,2700
2021-01-28T20:50:43.000Z,2703
2021-01-28T20:55:01.000Z,2732
2021-01-28T20:59:20.000Z,2708
2021-01-28T21:03:38.000Z,2703
2021-01-28T21:07:57.000Z,2700
2021-01-28T21:12:15.000Z,2697
2021-01-28T21:16:34.000Z,2708
2021-01-28T21:20:52.000Z,2701
2021-01-28T21:25:11.000Z,2701
2021-01-28T21:29:29.000Z,2701
2021-01-28T21:33:48.000Z,2712
2021-01-28T21:38:06.000Z,2704
2021-01-28T21:42:25.000Z,2702
2021-01-28T21:46:44.000Z,2704
2021-01-28T21:51:02.000Z,2699
2021-01-28T21:55:21.000Z,2706
2021-01-28T21:59:39.000Z,2704
2021-01-28T22:03:58.000Z,2705
2021-01-28T22:08:16.000Z,2702
2021-01-28T22:12:35.000Z,2703
2021-01-28T22:16:54.000Z,2702
2021-01-28T22:21:12.000Z,2703
2021-01-28T22:25:31.000Z,2702
2021-01-28T22:29:49.000Z,2701
2021-01-28T22:34:08.000Z,2701
2021-01-28T22:38:27.000Z,2702
2021-01-28T22:42:45.000Z,2702
2021-01-28T22:47:04.000Z,2702
2021-01-28T22:51:23.000Z,2717
2021-01-28T22:55:41.000Z,2702
2021-01-28T23:00:00.000Z,2699
2021-01-28T23:04:19.000Z,2701
2021-01-28T23:08:37.000Z,2701
2021-01-28T23:12:56.000Z,2701
2021-01-28T23:17:15.000Z,2702
2021-01-28T23:21:33.000Z,2704
2021-01-28T23:25:52.000Z,2701
2021-01-28T23:30:11.000Z,2699
2021-01-28T23:34:29.000Z,2701
2021-01-28T23:38:48.000Z,2702
2021-01-28T23:43:07.000Z,2704
2021-01-28T23:47:25.000Z,2702
2021-01-28T23:51:44.000Z,2702
2021-01-28T23:56:02.000Z,2703
2021-01-29T00:00:21.000Z,4989
2021-01-29T00:04:40.000Z,2702
2021-01-29T00:08:58.000Z,2701
2021-01-29T00:13:17.000Z,2702
2021-01-29T00:17:36.000Z,2700
2021-01-29T00:21:55.000Z,2701
2021-01-29T00:26:13.000Z,2701
2021-01-29T00:30:32.000Z,2703
2021-01-29T00:34:51.000Z,2703
2021-01-29T00:39:09.000Z,2701
2021-01-29T00:43:28.000Z,2701
2021-01-29T00:47:47.000Z,2701
2021-01-29T00:52:05.000Z,2707
2021-01-29T00:56:24.000Z,2701
2021-01-29T01:00:43.000Z,2701
2021-01-29T01:05:01.000Z,2701
2021-01-29T01:09:20.000Z,2702
2021-01-29T01:13:39.000Z,2701
2021-01-29T01:17:57.000Z,2699
2021-01-29T01:22:16.000Z,2699
2021-01-29T01:26:35.000Z,2699
2021-01-29T01:30:54.000Z,2704
2021-01-29T01:35:12.000Z,2701
2021-01-29T01:39:31.000Z,2700
2021-01-29T01:43:50.000Z,2700
2021-01-29T01:48:09.000Z,2700
2021-01-29T01:52:27.000Z,2700
2021-01-29T01:56:46.000Z,2699
2021-01-29T02:01:05.000Z,2698
2021-01-29T02:05:24.000Z,2701
2021-01-29T02:09:43.000Z,2700
2021-01-29T02:14:01.000Z,2700
2021-01-29T02:18:20.000Z,2698
2021-01-29T02:22:39.000Z,2701
2021-01-29T02:26:58.000Z,2699
2021-01-29T02:31:17.000Z,2701
2021-01-29T02:35:35.000Z,2699
2021-01-29T02:39:54.000Z,2701
2021-01-29T02:44:13.000Z,2701
2021-01-29T02:48:32.000Z,2700
2021-01-29T02:52:50.000Z,2698
2021-01-29T02:57:09.000Z,2700
2021-01-29T03:01:28.000Z,2701
2021-01-29T03:05:47.000Z,2700
2021-01-29T03:10:06.000Z,2700
2021-01-29T03:14:25.000Z,2701
2021-01-29T03:18:43.000Z,2700
2021-01-29T03:23:02.000Z,2698
2021-01-29T03:27:21.000Z,2700
2021-01-29T03:31:40.000Z,2701
2021-01-29T03:35:59.000Z,2701
2021-01-29T03:40:17.000Z,2701
2021-01-29T03:44:36.000Z,2700
2021-01-29T03:48:55.000Z,2701
2021-01-29T03:53:14.000Z,2698
2021-01-29T03:57:32.000Z,2701
2021-01-29T04:01:51.000Z,2698
2021-01-29T04:06:10.000Z,2700
2021-01-29T04:10:28.000Z,2700
2021-01-29T04:14:47.000Z,2705
2021-01-29T04:19:06.000Z,2706
2021-01-29T04:23:24.000Z,2700
2021-01-29T04:27:43.000Z,2702
2021-01-29T04:32:01.000Z,2701
2021-01-29T04:36:20.000Z,2701
2021-01-29T04:40:38.000Z,2699
2021-01-29T04:44:57.000Z,2698
2021-01-29T04:49:15.000Z,2704
2021-01-29T04:53:33.000Z,2706
2021-01-29T04:57:52.000Z,2704
2021-01-29T05:02:10.000Z,2703
2021-01-29T05:06:29.000Z,2704
2021-01-29T05:10:48.000Z,2704
2021-01-29T05:15:06.000Z,2702
2021-01-29T05:19:25.000Z,2702
2021-01-29T05:23:44.000Z,2702
2021-01-29T05:28:02.000Z,2704
2021-01-29T05:32:21.000Z,2703
2021-01-29T05:36:40.000Z,2701
2021-01-29T05:40:59.000Z,2701
2021-01-29T05:45:18.000Z,2708
2021-01-29T05:49:37.000Z,2698
2021-01-29T05:53:56.000Z,2701
2021-01-29T05:58:15.000Z,2703
2021-01-29T06:02:34.000Z,2704
2021-01-29T06:06:53.000Z,2710
2021-01-29T06:11:12.000Z,2701
2021-01-29T06:15:31.000Z,2700
2021-01-29T06:19:50.000Z,2707
2021-01-29T06:24:10.000Z,2698
2021-01-29T06:28:29.000Z,2698
2021-01-29T06:32:48.000Z,2706
2021-01-29T06:37:07.000Z,2705
2021-01-29T06:41:27.000Z,2703
2021-01-29T06:45:46.000Z,2703
2021-01-29T06:50:05.000Z,2705
2021-01-29T06:54:25.000Z,2701
2021-01-29T06:58:44.000Z,2699
2021-01-29T07:03:03.000Z,2702
2021-01-29T07:07:23.000Z,2701
2021-01-29T07:11:42.000Z,2700
2021-01-29T07:16:02.000Z,2703
2021-01-29T07:20:21.000Z,2699
2021-01-29T07:24:41.000Z,2699
2021-01-29T07:29:00.000Z,2701
2021-01-29T07:33:20.000Z,2702
2021-01-29T07:37:40.000Z,2701
2021-01-29T07:41:59.000Z,2703
2021-01-29T07:46:19.000Z,2702
2021-01-29T07:50:38.000Z,2701
2021-01-29T07:54:58.000Z,2702
2021-01-29T07:59:17.000Z,2701
2021-01-29T08:03:38.000Z,2703
2021-01-29T08:07:57.000Z,2708
2021-01-29T08:12:17.000Z,2702
2021-01-29T08:16:36.000Z,2720
2021-01-29T08:20:55.000Z,2702
2021-01-29T08:25:15.000Z,2706
2021-01-29T08:29:34.000Z,2711
2021-01-29T08:33:53.000Z,2713
2021-01-29T08:38:12.000Z,2704
2021-01-29T08:42:31.000Z,2719
2021-01-29T08:46:50.000Z,2713
2021-01-29T08:51:09.000Z,2766
2021-01-29T08:55:27.000Z,2715
2021-01-29T08:59:46.000Z,2712
2021-01-29T09:04:05.000Z,2708
2021-01-29T09:08:23.000Z,2764
2021-01-29T09:12:42.000Z,2702
2021-01-29T09:17:00.000Z,2755
2021-01-29T09:21:18.000Z,2721
2021-01-29T09:25:37.000Z,2756
2021-01-29T09:29:55.000Z,2720
2021-01-29T09:34:13.000Z,2721
2021-01-29T09:38:31.000Z,2714
2021-01-29T09:42:49.000Z,2717
2021-01-29T09:47:06.000Z,2710
2021-01-29T09:51:24.000Z,2725
2021-01-29T09:55:42.000Z,2713
2021-01-29T09:59:59.000Z,2733
2021-01-29T10:04:17.000Z,2706
2021-01-29T10:08:34.000Z,2724
2021-01-29T10:12:52.000Z,2722
2021-01-29T10:17:09.000Z,2720
2021-01-29T10:21:26.000Z,2709
2021-01-29T10:25:43.000Z,2707
2021-01-29T10:30:00.000Z,2726
2021-01-29T10:34:17.000Z,2721
2021-01-29T10:38:34.000Z,2726
2021-01-29T10:42:51.000Z,2728
2021-01-29T10:47:08.000Z,2716
2021-01-29T10:51:24.000Z,2713
2021-01-29T10:55:41.000Z,2726
2021-01-29T10:59:57.000Z,2721
2021-01-29T11:04:14.000Z,2719
2021-01-29T11:08:30.000Z,2722
2021-01-29T11:12:46.000Z,2713
2021-01-29T11:17:02.000Z,2718
2021-01-29T11:21:18.000Z,2720
2021-01-29T11:25:34.000Z,2726
2021-01-29T11:29:50.000Z,2717
2021-01-29T11:34:06.000Z,2723
2021-01-29T11:38:22.000Z,2724
2021-01-29T11:42:38.000Z,2717
2021-01-29T11:46:54.000Z,2723
2021-01-29T11:51:10.000Z,2711
2021-01-29T11:55:26.000Z,2724
2021-01-29T11:59:42.000Z,2726
2021-01-29T12:03:58.000Z,2718
2021-01-29T12:08:13.000Z,2733
2021-01-29T12:12:29.000Z,2730
2021-01-29T12:16:45.000Z,2721
2021-01-29T12:21:01.000Z,2728
2021-01-29T12:25:16.000Z,2722
2021-01-29T12:29:32.000Z,2724
2021-01-29T12:33:48.000Z,2725
2021-01-29T12:38:04.000Z,2738
2021-01-29T12:42:19.000Z,2713
2021-01-29T12:46:35.000Z,2720
2021-01-29T12:50:50.000Z,2723
2021-01-29T12:55:06.000Z,2724
2021-01-29T12:59:21.000Z,2707
2021-01-29T13:03:36.000Z,2731
2021-01-29T13:07:51.000Z,2735
2021-01-29T13:12:06.000Z,2726
2021-01-29T13:16:21.000Z,2728
2021-01-29T13:20:36.000Z,2723
2021-01-29T13:24:51.000Z,2723
2021-01-29T13:29:06.000Z,2736
2021-01-29T13:33:21.000Z,2746
2021-01-29T13:37:36.000Z,2731
2021-01-29T13:41:51.000Z,2730
2021-01-29T13:46:06.000Z,2725
2021-01-29T13:50:21.000Z,2730
2021-01-29T13:54:35.000Z,2726
2021-01-29T13:58:50.000Z,2728
2021-01-29T14:03:05.000Z,4984
2021-01-29T14:07:20.000Z,2720
2021-01-29T14:11:35.000Z,2719
2021-01-29T14:15:50.000Z,2728
2021-01-29T14:20:05.000Z,2728
2021-01-29T14:24:20.000Z,2715
2021-01-29T14:28:35.000Z,2724
2021-01-29T14:32:49.000Z,2730
2021-01-29T14:37:04.000Z,2731
2021-01-29T14:41:19.000Z,2707
2021-01-29T14:45:34.000Z,2721
2021-01-29T14:49:49.000Z,2728
2021-01-29T14:54:04.000Z,2726
2021-01-29T14:58:19.000Z,2731
2021-01-29T15:02:33.000Z,2724
2021-01-29T15:06:48.000Z,2730
2021-01-29T15:11:03.000Z,2710
2021-01-29T15:15:18.000Z,2713
2021-01-29T15:19:33.000Z,2742
2021-01-29T15:23:48.000Z,2738
2021-01-29T15:28:03.000Z,2721
2021-01-29T15:32:18.000Z,2730
2021-01-29T15:36:33.000Z,2724
2021-01-29T15:40:48.000Z,2726
2021-01-29T15:45:04.000Z,2728
2021-01-29T15:49:19.000Z,2729
2021-01-29T15:53:34.000Z,2752
2021-01-29T15:57:50.000Z,2725
2021-01-29T16:02:05.000Z,2719
2021-01-29T16:06:21.000Z,2723
2021-01-29T16:10:36.000Z,2724
2021-01-29T16:14:52.000Z,2713
2021-01-29T16:19:07.000Z,2711
2021-01-29T16:23:23.000Z,2707
2021-01-29T16:27:38.000Z,2714
2021-01-29T16:31:54.000Z,2711
2021-01-29T16:36:10.000Z,2710
2021-01-29T16:40:26.000Z,2714
2021-01-29T16:44:42.000Z,2709
2021-01-29T16:48:58.000Z,2710
2021-01-29T16:53:15.000Z,2707
2021-01-29T16:57:32.000Z,2708
2021-01-29T17:01:49.000Z,2705
2021-01-29T17:06:06.000Z,2702
2021-01-29T17:10:24.000Z,2707
2021-01-29T17:14:42.000Z,2704
2021-01-29T17:18:59.000Z,2702
2021-01-29T17:23:17.000Z,2703
2021-01-29T17:27:35.000Z,2701
2021-01-29T17:31:53.000Z,2722
2021-01-29T17:36:11.000Z,2702
2021-01-29T17:40:29.000Z,2699
2021-01-29T17:44:47.000Z,2702
2021-01-29T17:49:05.000Z,2703
2021-01-29T17:53:24.000Z,2705
2021-01-29T17:57:42.000Z,2705
2021-01-29T18:02:00.000Z,2704
2021-01-29T18:06:19.000Z,2702
2021-01-29T18:10:37.000Z,2701
2021-01-29T18:14:55.000Z,2701
2021-01-29T18:19:14.000Z,2700
2021-01-29T18:23:32.000Z,2700
2021-01-29T18:27:51.000Z,2703
2021-01-29T18:32:09.000Z,2700
2021-01-29T18:36:27.000Z,2699
2021-01-29T18:40:46.000Z,2703
2021-01-29T18:45:04.000Z,2701
2021-01-29T18:49:23.000Z,2705
2021-01-29T18:53:42.000Z,2701
2021-01-29T18:58:00.000Z,2704
2021-01-29T19:02:19.000Z,2698
2021-01-29T19:06:37.000Z,2701
2021-01-29T19:10:56.000Z,2701
2021-01-29T19:15:15.000Z,2701
2021-01-29T19:19:33.000Z,2701
2021-01-29T19:23:52.000Z,2698
2021-01-29T19:28:11.000Z,2701
2021-01-29T19:32:29.000Z,2701
2021-01-29T19:36:48.000Z,2701
2021-01-29T19:41:07.000Z,2704
2021-01-29T19:45:25.000Z,2704
2021-01-29T19:49:44.000Z,2700
2021-01-29T19:54:03.000Z,2701
2021-01-29T19:58:21.000Z,2697
2021-01-29T20:02:40.000Z,2701
2021-01-29T20:06:59.000Z,2703
2021-01-29T20:11:18.000Z,2702
2021-01-29T20:15:36.000Z,2701
2021-01-29T20:19:55.000Z,2703
2021-01-29T20:24:14.000Z,2702
2021-01-29T20:28:33.000Z,2701
2021-01-29T20:32:52.000Z,2699
2021-01-29T20:37:10.000Z,2710
2021-01-29T20:41:29.000Z,2700
2021-01-29T20:45:48.000Z,2701
2021-01-29T20:50:07.000Z,2702
2021-01-29T20:54:26.000Z,2703
2021-01-29T20:58:44.000Z,2701
2021-01-29T21:03:03.000Z,2702
2021-01-29T21:07:22.000Z,2701
2021-01-29T21:11:41.000Z,2702
2021-01-29T21:16:00.000Z,2700
2021-01-29T21:20:19.000Z,2699
2021-01-29T21:24:38.000Z,2701
2021-01-29T21:28:57.000Z,2702
2021-01-29T21:33:16.000Z,2701
2021-01-29T21:37:34.000Z,2704
2021-01-29T21:41:53.000Z,2699
2021-01-29T21:46:12.000Z,2700
2021-01-29T21:50:31.000Z,2700
2021-01-29T21:54:50.000Z,2704
2021-01-29T21:59:10.000Z,2703
2021-01-29T22:03:29.000Z,2701
2021-01-29T22:07:48.000Z,2720
2021-01-29T22:12:07.000Z,2701
2021-01-29T22:16:26.000Z,2699
2021-01-29T22:20:45.000Z,2702
2021-01-29T22:25:04.000Z,2699
2021-01-29T22:29:23.000Z,2701
2021-01-29T22:33:42.000Z,2703
2021-01-29T22:38:01.000Z,2694
2021-01-29T22:42:20.000Z,2700
2021-01-29T22:46:39.000Z,2701
2021-01-29T22:50:58.000Z,2701
2021-01-29T22:55:17.000Z,2702
2021-01-29T22:59:37.000Z,2699
2021-01-29T23:08:15.000Z,2701
2021-01-29T23:12:34.000Z,2701
2021-01-29T23:16:53.000Z,2700
2021-01-29T23:21:13.000Z,2700
2021-01-29T23:25:32.000Z,2703
2021-01-29T23:29:51.000Z,2699
2021-01-29T23:34:10.000Z,2701
2021-01-29T23:38:29.000Z,2702
2021-01-29T23:42:48.000Z,2697
2021-01-29T23:47:08.000Z,2702
2021-01-29T23:51:27.000Z,2698
2021-01-29T23:55:46.000Z,2702
2021-01-30T00:00:05.000Z,2704
2021-01-30T00:04:25.000Z,2701
2021-01-30T00:08:44.000Z,2700
2021-01-30T00:13:03.000Z,2700
2021-01-30T00:17:22.000Z,2700
2021-01-30T00:21:41.000Z,2699
2021-01-30T00:26:01.000Z,2700
2021-01-30T00:30:20.000Z,2701
2021-01-30T00:34:39.000Z,2697
2021-01-30T00:38:59.000Z,2698
2021-01-30T00:43:18.000Z,2699
2021-01-30T00:47:37.000Z,2701
2021-01-30T00:51:56.000Z,2701
2021-01-30T00:56:16.000Z,2702
2021-01-30T01:00:35.000Z,2701
2021-01-30T01:04:55.000Z,2700
2021-01-30T01:09:14.000Z,2700
2021-01-30T01:13:33.000Z,2700
2021-01-30T01:17:53.000Z,2701
2021-01-30T01:22:12.000Z,2701
2021-01-30T01:26:31.000Z,2702
2021-01-30T01:30:51.000Z,2698
2021-01-30T01:35:10.000Z,2703
2021-01-30T01:39:29.000Z,2701
2021-01-30T01:43:49.000Z,2702
2021-01-30T01:48:08.000Z,2700
2021-01-30T01:52:27.000Z,2699
2021-01-30T01:56:47.000Z,2700
2021-01-30T02:01:06.000Z,2697
2021-01-30T02:05:25.000Z,2699
2021-01-30T02:09:45.000Z,2702
2021-01-30T02:14:04.000Z,2700
2021-01-30T02:18:23.000Z,2700
2021-01-30T02:22:43.000Z,2701
2021-01-30T02:27:02.000Z,2698
2021-01-30T02:31:22.000Z,2699
2021-01-30T02:35:41.000Z,2701
2021-01-30T02:40:00.000Z,2700
2021-01-30T02:44:20.000Z,2701
2021-01-30T02:48:39.000Z,2701
2021-01-30T02:52:58.000Z,2697
2021-01-30T02:57:18.000Z,2699
2021-01-30T03:01:37.000Z,2698
2021-01-30T03:05:56.000Z,2700
2021-01-30T03:10:16.000Z,2700
2021-01-30T03:14:35.000Z,2700
2021-01-30T03:18:55.000Z,2700
2021-01-30T03:23:14.000Z,2700
2021-01-30T03:27:33.000Z,2702
2021-01-30T03:31:53.000Z,2701
2021-01-30T03:36:12.000Z,2698
2021-01-30T03:40:32.000Z,2698
2021-01-30T03:44:51.000Z,2703
2021-01-30T03:49:11.000Z,2704
2021-01-30T03:53:30.000Z,2701
2021-01-30T03:57:50.000Z,2703
2021-01-30T04:02:09.000Z,2701
2021-01-30T04:06:29.000Z,2698
2021-01-30T04:15:08.000Z,2701
2021-01-30T04:19:27.000Z,2701
2021-01-30T04:23:47.000Z,2701
2021-01-30T04:28:06.000Z,2702
2021-01-30T04:32:26.000Z,2700
2021-01-30T04:36:45.000Z,2702
2021-01-30T04:41:05.000Z,2699
2021-01-30T04:45:25.000Z,2701
2021-01-30T04:49:44.000Z,2701
2021-01-30T04:54:04.000Z,2700
2021-01-30T04:58:23.000Z,2701
2021-01-30T05:02:43.000Z,2701
2021-01-30T05:07:03.000Z,2700
2021-01-30T05:11:22.000Z,2700
2021-01-30T05:15:42.000Z,2701
2021-01-30T05:20:01.000Z,2701
2021-01-30T05:24:21.000Z,2700
2021-01-30T05:28:41.000Z,2701
2021-01-30T05:33:00.000Z,2702
2021-01-30T05:37:20.000Z,2700
2021-01-30T05:41:39.000Z,2700
2021-01-30T05:45:59.000Z,2701
2021-01-30T05:50:19.000Z,2701
2021-01-30T05:54:38.000Z,2699
2021-01-30T05:58:58.000Z,2701
2021-01-30T06:03:17.000Z,2700
2021-01-30T06:07:37.000Z,2699
2021-01-30T06:11:57.000Z,2701
2021-01-30T06:16:16.000Z,2701
2021-01-30T06:20:36.000Z,2700
2021-01-30T06:24:55.000Z,2701
2021-01-30T06:29:15.000Z,2700
2021-01-30T06:33:34.000Z,2698
2021-01-30T06:37:54.000Z,2700
2021-01-30T06:42:14.000Z,2701
2021-01-30T06:46:33.000Z,2699
2021-01-30T06:50:53.000Z,2701
2021-01-30T06:59:32.000Z,2700
2021-01-30T07:03:51.000Z,2699
2021-01-30T07:08:11.000Z,2700
2021-01-30T07:12:30.000Z,2700
2021-01-30T07:16:50.000Z,2701
2021-01-30T07:21:09.000Z,2700
2021-01-30T07:25:29.000Z,2700
2021-01-30T07:29:48.000Z,2701
2021-01-30T07:34:08.000Z,2698
2021-01-30T07:38:27.000Z,2701
2021-01-30T07:47:06.000Z,2696
2021-01-30T07:51:26.000Z,2702
2021-01-30T07:55:45.000Z,2700
2021-01-30T08:00:04.000Z,2701
2021-01-30T08:04:24.000Z,2702
2021-01-30T08:08:43.000Z,2696
2021-01-30T08:13:02.000Z,2709
2021-01-30T08:17:21.000Z,2708
2021-01-30T08:21:40.000Z,2705
2021-01-30T08:25:58.000Z,2719
2021-01-30T08:30:17.000Z,2706
2021-01-30T08:34:36.000Z,2717
2021-01-30T08:38:54.000Z,2700
2021-01-30T08:43:13.000Z,2710
2021-01-30T08:47:31.000Z,2708
2021-01-30T08:51:49.000Z,2720
2021-01-30T08:56:08.000Z,2723
2021-01-30T09:00:26.000Z,2721
2021-01-30T09:04:44.000Z,2724
2021-01-30T09:09:01.000Z,2723
2021-01-30T09:13:19.000Z,2721
2021-01-30T09:17:37.000Z,2733
2021-01-30T09:21:55.000Z,2723
2021-01-30T09:26:12.000Z,2722
2021-01-30T09:30:30.000Z,2724
2021-01-30T09:34:47.000Z,2724
2021-01-30T09:39:05.000Z,2731
2021-01-30T09:43:22.000Z,2728
2021-01-30T09:47:39.000Z,4986
2021-01-30T09:51:56.000Z,2729
2021-01-30T09:56:13.000Z,2734
2021-01-30T10:00:30.000Z,2715
2021-01-30T10:04:47.000Z,2728
2021-01-30T10:09:03.000Z,2730
2021-01-30T10:13:20.000Z,2724
2021-01-30T10:17:36.000Z,2726
2021-01-30T10:21:53.000Z,4985
2021-01-30T10:26:09.000Z,2718
2021-01-30T10:30:25.000Z,2731
2021-01-30T10:34:41.000Z,2725
2021-01-30T10:38:57.000Z,2729
2021-01-30T10:43:13.000Z,2728
2021-01-30T10:47:29.000Z,2713
2021-01-30T10:51:45.000Z,2735
2021-01-30T10:56:01.000Z,2737
2021-01-30T11:00:16.000Z,2737
2021-01-30T11:04:32.000Z,2717
2021-01-30T11:08:47.000Z,2729
2021-01-30T11:13:02.000Z,2734
2021-01-30T11:17:18.000Z,2723
2021-01-30T11:21:33.000Z,2713
2021-01-30T11:25:48.000Z,2725
2021-01-30T11:30:03.000Z,2724
2021-01-30T11:34:18.000Z,2729
2021-01-30T11:38:33.000Z,2724
2021-01-30T11:42:48.000Z,2728
2021-01-30T11:47:03.000Z,2729
2021-01-30T11:51:17.000Z,2728
2021-01-30T11:55:32.000Z,2736
2021-01-30T11:59:46.000Z,2732
2021-01-30T12:04:01.000Z,2732
2021-01-30T12:08:15.000Z,2724
2021-01-30T12:12:29.000Z,2733
2021-01-30T12:16:43.000Z,2727
2021-01-30T12:20:57.000Z,2741
2021-01-30T12:25:11.000Z,2738
2021-01-30T12:29:25.000Z,2715
2021-01-30T12:33:39.000Z,2724
2021-01-30T12:37:53.000Z,2728
2021-01-30T12:42:06.000Z,2718
2021-01-30T12:46:20.000Z,2726
2021-01-30T12:50:34.000Z,2730
2021-01-30T12:54:47.000Z,2721
2021-01-30T12:59:01.000Z,2737
2021-01-30T13:03:14.000Z,2717
2021-01-30T13:07:28.000Z,2723
2021-01-30T13:11:41.000Z,2732
2021-01-30T13:15:55.000Z,2724
2021-01-30T13:20:08.000Z,2722
2021-01-30T13:24:21.000Z,2735
2021-01-30T13:28:35.000Z,2723
2021-01-30T13:32:48.000Z,2720
2021-01-30T13:37:01.000Z,2725
2021-01-30T13:41:14.000Z,2723
2021-01-30T13:45:28.000Z,2717
2021-01-30T13:49:41.000Z,2736
2021-01-30T13:53:54.000Z,2717
2021-01-30T13:58:07.000Z,2718
2021-01-30T14:02:20.000Z,2739
2021-01-30T14:06:33.000Z,2715
2021-01-30T14:10:46.000Z,2736
2021-01-30T14:14:59.000Z,2732
2021-01-30T14:19:12.000Z,2727
2021-01-30T14:23:25.000Z,2720
2021-01-30T14:27:38.000Z,2739
2021-01-30T14:31:51.000Z,2731
2021-01-30T14:36:04.000Z,2733
2021-01-30T14:40:17.000Z,2717
2021-01-30T14:44:30.000Z,2733
2021-01-30T14:48:43.000Z,2736
2021-01-30T14:52:56.000Z,2733
2021-01-30T14:57:09.000Z,2720
2021-01-30T15:01:22.000Z,2712
2021-01-30T15:05:35.000Z,2714
2021-01-30T15:09:48.000Z,2718
2021-01-30T15:14:01.000Z,2735
2021-01-30T15:18:14.000Z,2740
2021-01-30T15:22:27.000Z,2732
2021-01-30T15:26:40.000Z,2714
2021-01-30T15:30:53.000Z,2728
2021-01-30T15:35:06.000Z,2738
2021-01-30T15:39:19.000Z,2737
2021-01-30T15:43:32.000Z,2741
2021-01-30T15:47:45.000Z,2734
2021-01-30T15:56:11.000Z,2747
2021-01-30T16:00:24.000Z,2727
2021-01-30T16:08:51.000Z,2718
2021-01-30T16:13:04.000Z,2718
2021-01-30T16:17:18.000Z,2719
2021-01-30T16:21:31.000Z,2714
2021-01-30T16:25:45.000Z,2712
2021-01-30T16:29:59.000Z,2716
2021-01-30T16:34:13.000Z,2713
2021-01-30T16:38:26.000Z,2715
2021-01-30T16:42:40.000Z,2716
2021-01-30T16:46:55.000Z,2719
2021-01-30T16:51:09.000Z,2711
2021-01-30T16:55:24.000Z,2711
2021-01-30T16:59:39.000Z,2708
2021-01-30T17:03:55.000Z,2707
2021-01-30T17:08:10.000Z,2707
2021-01-30T17:12:26.000Z,2708
2021-01-30T17:16:42.000Z,2709
2021-01-30T17:20:58.000Z,2704
2021-01-30T17:25:14.000Z,2704
2021-01-30T17:29:31.000Z,2706
2021-01-30T17:33:47.000Z,2705
2021-01-30T17:38:03.000Z,2707
2021-01-30T17:42:20.000Z,2703
2021-01-30T17:46:36.000Z,2705
2021-01-30T17:50:53.000Z,2704
2021-01-30T17:55:09.000Z,2702
2021-01-30T17:59:26.000Z,2704
2021-01-30T18:03:42.000Z,2705
2021-01-30T18:07:59.000Z,2704
2021-01-30T18:12:15.000Z,2705
2021-01-30T18:16:32.000Z,2702
2021-01-30T18:20:49.000Z,2701
2021-01-30T18:25:05.000Z,2703
2021-01-30T18:29:22.000Z,2702
2021-01-30T18:33:39.000Z,2705
2021-01-30T18:37:56.000Z,2702
2021-01-30T18:42:12.000Z,2701
2021-01-30T18:46:29.000Z,2705
2021-01-30T18:50:46.000Z,2702
2021-01-30T18:55:03.000Z,2703
2021-01-30T18:59:20.000Z,2703
2021-01-30T19:03:36.000Z,2703
2021-01-30T19:07:53.000Z,2703
2021-01-30T19:12:12.000Z,2701
2021-01-30T19:16:30.000Z,2703
2021-01-30T19:20:47.000Z,2700
2021-01-30T19:25:04.000Z,2703
2021-01-30T19:29:21.000Z,2704
2021-01-30T19:33:38.000Z,2704
2021-01-30T19:37:55.000Z,2704
2021-01-30T19:42:12.000Z,2702
2021-01-30T19:50:46.000Z,2704
2021-01-30T19:55:03.000Z,2702
2021-01-30T19:59:20.000Z,2704
2021-01-30T20:03:38.000Z,2701
2021-01-30T20:07:55.000Z,2701
2021-01-30T20:12:12.000Z,2705
2021-01-30T20:16:29.000Z,2705
2021-01-30T20:20:46.000Z,2704
2021-01-30T20:25:03.000Z,2701
2021-01-30T20:29:21.000Z,2704
2021-01-30T20:33:38.000Z,2702
2021-01-30T20:37:55.000Z,2701
2021-01-30T20:42:12.000Z,2704
2021-01-30T20:46:30.000Z,2703
2021-01-30T20:50:47.000Z,2702
2021-01-30T20:55:04.000Z,2702
2021-01-30T20:59:22.000Z,2701
2021-01-30T21:03:39.000Z,2704
2021-01-30T21:07:56.000Z,2703
2021-01-30T21:12:13.000Z,2702
2021-01-30T21:16:31.000Z,2704
2021-01-30T21:20:48.000Z,2704
2021-01-30T21:25:06.000Z,2701
2021-01-30T21:29:23.000Z,2703
2021-01-30T21:33:40.000Z,2702
2021-01-30T21:37:58.000Z,2702
2021-01-30T21:42:15.000Z,2704
2021-01-30T21:46:33.000Z,2703
2021-01-30T21:50:50.000Z,2700
2021-01-30T21:55:08.000Z,2700
2021-01-30T21:59:26.000Z,2703
2021-01-30T22:03:43.000Z,2706
2021-01-30T22:08:01.000Z,2705
2021-01-30T22:12:18.000Z,2700
2021-01-30T22:16:36.000Z,2701
2021-01-30T22:20:54.000Z,2702
2021-01-30T22:25:11.000Z,2704
2021-01-30T22:29:29.000Z,2700
2021-01-30T22:33:47.000Z,2705
2021-01-30T22:38:05.000Z,2702
2021-01-30T22:42:22.000Z,2704
2021-01-30T22:46:40.000Z,2702
2021-01-30T22:50:58.000Z,2702
2021-01-30T22:55:16.000Z,2703
2021-01-30T22:59:33.000Z,2703
2021-01-30T23:03:51.000Z,2700
2021-01-30T23:08:09.000Z,2703
2021-01-30T23:12:27.000Z,2700
2021-01-30T23:16:45.000Z,2701
2021-01-30T23:21:02.000Z,2703
2021-01-30T23:25:20.000Z,2702
2021-01-30T23:29:38.000Z,2703
2021-01-30T23:33:56.000Z,2703
2021-01-30T23:38:13.000Z,2704
2021-01-30T23:42:31.000Z,2703
2021-01-30T23:46:49.000Z,2702
2021-01-30T23:51:07.000Z,2701
2021-01-30T23:55:24.000Z,2702
2021-01-30T23:59:42.000Z,2700
2021-01-31T00:04:00.000Z,2702
2021-01-31T00:08:18.000Z,2702
2021-01-31T00:12:36.000Z,2703
2021-01-31T00:16:54.000Z,2703
2021-01-31T00:21:12.000Z,2703
2021-01-31T00:25:29.000Z,2705
2021-01-31T00:29:47.000Z,2701
2021-01-31T00:34:05.000Z,2704
2021-01-31T00:38:23.000Z,2704
2021-01-31T00:42:41.000Z,2703
2021-01-31T00:46:59.000Z,2703
2021-01-31T00:51:17.000Z,2701
2021-01-31T00:55:35.000Z,2703
2021-01-31T00:59:53.000Z,2702
2021-01-31T01:04:11.000Z,2702
2021-01-31T01:08:29.000Z,2702
2021-01-31T01:12:47.000Z,2702
2021-01-31T01:17:05.000Z,2703
2021-01-31T01:21:23.000Z,2699
2021-01-31T01:25:41.000Z,2704
2021-01-31T01:29:59.000Z,2703
2021-01-31T01:34:17.000Z,2705
2021-01-31T01:38:35.000Z,2703
2021-01-31T01:42:53.000Z,2702
2021-01-31T01:47:12.000Z,2702
2021-01-31T01:51:30.000Z,2703
2021-01-31T01:55:48.000Z,2700
2021-01-31T02:00:06.000Z,2705
2021-01-31T02:04:24.000Z,2703
2021-01-31T02:08:42.000Z,2702
2021-01-31T02:13:00.000Z,2705
2021-01-31T02:17:19.000Z,2701
2021-01-31T02:21:37.000Z,2701
2021-01-31T02:25:55.000Z,2701
2021-01-31T02:30:13.000Z,2702
2021-01-31T02:34:31.000Z,2702
2021-01-31T02:43:08.000Z,2704
2021-01-31T02:47:26.000Z,2701
2021-01-31T02:56:02.000Z,2700
2021-01-31T03:00:20.000Z,2701
2021-01-31T03:04:38.000Z,2701
2021-01-31T03:08:56.000Z,2699
2021-01-31T03:13:14.000Z,2705
2021-01-31T03:17:32.000Z,2702
2021-01-31T03:21:50.000Z,2700
2021-01-31T03:26:08.000Z,2702
2021-01-31T03:30:26.000Z,2703
2021-01-31T03:34:44.000Z,2702
2021-01-31T03:39:02.000Z,2702
2021-01-31T03:43:21.000Z,2702
2021-01-31T03:47:39.000Z,2705
2021-01-31T03:51:57.000Z,2704
2021-01-31T03:56:15.000Z,2703
2021-01-31T04:00:33.000Z,2704
2021-01-31T04:04:51.000Z,2702
2021-01-31T04:09:09.000Z,2704
2021-01-31T04:13:27.000Z,2704
2021-01-31T04:17:46.000Z,2704
2021-01-31T04:22:04.000Z,2703
2021-01-31T04:26:22.000Z,2701
2021-01-31T04:30:40.000Z,2703
2021-01-31T04:34:58.000Z,2702
2021-01-31T04:39:17.000Z,2704
2021-01-31T04:43:35.000Z,2702
2021-01-31T04:47:53.000Z,2702
2021-01-31T04:52:12.000Z,2702
2021-01-31T04:56:30.000Z,2703
2021-01-31T05:00:48.000Z,2702
2021-01-31T05:05:06.000Z,2701
2021-01-31T05:09:25.000Z,2702
2021-01-31T05:13:43.000Z,2702
2021-01-31T05:18:01.000Z,2701
2021-01-31T05:22:19.000Z,2701
2021-01-31T05:26:38.000Z,2701
2021-01-31T05:30:56.000Z,2703
2021-01-31T05:35:14.000Z,2702
2021-01-31T05:39:32.000Z,2704
2021-01-31T05:43:51.000Z,2700
2021-01-31T05:48:09.000Z,2701
2021-01-31T05:52:27.000Z,2702
2021-01-31T05:56:45.000Z,2704
2021-01-31T06:01:04.000Z,2704
2021-01-31T06:05:22.000Z,2701
2021-01-31T06:09:40.000Z,2704
2021-01-31T06:13:59.000Z,2703
2021-01-31T06:18:17.000Z,2702
2021-01-31T06:22:35.000Z,2702
2021-01-31T06:26:54.000Z,2700
2021-01-31T06:31:12.000Z,2702
2021-01-31T06:35:30.000Z,2702
2021-01-31T06:39:49.000Z,2704
2021-01-31T06:44:07.000Z,2700
2021-01-31T06:48:26.000Z,2702
2021-01-31T06:52:44.000Z,2701
2021-01-31T06:57:03.000Z,2703
2021-01-31T07:01:22.000Z,2700
2021-01-31T07:05:40.000Z,2701
2021-01-31T07:09:59.000Z,2700
2021-01-31T07:14:17.000Z,2701
2021-01-31T07:18:36.000Z,2704
2021-01-31T07:22:55.000Z,2701
2021-01-31T07:27:13.000Z,2704
2021-01-31T07:31:32.000Z,2701
2021-01-31T07:35:50.000Z,2701
2021-01-31T07:40:09.000Z,2701
2021-01-31T07:48:46.000Z,2701
2021-01-31T07:53:04.000Z,2702
2021-01-31T07:57:23.000Z,2700
2021-01-31T08:01:41.000Z,2701
2021-01-31T08:06:00.000Z,2703
2021-01-31T08:10:19.000Z,2700
2021-01-31T08:14:37.000Z,2700
2021-01-31T08:18:55.000Z,2701
2021-01-31T08:23:14.000Z,2701
2021-01-31T08:27:32.000Z,2698
2021-01-31T08:31:51.000Z,2702
2021-01-31T08:36:09.000Z,2702
2021-01-31T08:40:27.000Z,2702
2021-01-31T08:44:45.000Z,2703
2021-01-31T08:49:04.000Z,2703
2021-01-31T08:53:22.000Z,2699
2021-01-31T08:57:40.000Z,2701
2021-01-31T09:01:58.000Z,2699
2021-01-31T09:06:17.000Z,2701
2021-01-31T09:10:35.000Z,2701
2021-01-31T09:14:53.000Z,2701
2021-01-31T09:19:11.000Z,2702
2021-01-31T09:23:29.000Z,2698
2021-01-31T09:27:47.000Z,2701
2021-01-31T09:32:06.000Z,2700
2021-01-31T09:36:24.000Z,2700
2021-01-31T09:40:42.000Z,2701
2021-01-31T09:45:00.000Z,2702
2021-01-31T09:49:18.000Z,2700
2021-01-31T09:53:36.000Z,2702
2021-01-31T09:57:54.000Z,2702
2021-01-31T10:02:12.000Z,2706
2021-01-31T10:06:30.000Z,2700
2021-01-31T10:10:48.000Z,2700
2021-01-31T10:15:06.000Z,2703
2021-01-31T10:19:24.000Z,2697
2021-01-31T10:23:42.000Z,2707
2021-01-31T10:28:00.000Z,2705
2021-01-31T10:32:18.000Z,2714
2021-01-31T10:36:36.000Z,2709
2021-01-31T10:40:53.000Z,2719
2021-01-31T10:45:11.000Z,2705
2021-01-31T10:49:29.000Z,2707
2021-01-31T10:53:47.000Z,2704
2021-01-31T10:58:04.000Z,2706
2021-01-31T11:02:22.000Z,2706
2021-01-31T11:06:39.000Z,2694
2021-01-31T11:10:57.000Z,2712
2021-01-31T11:15:14.000Z,2698
2021-01-31T11:19:32.000Z,2704
2021-01-31T11:23:49.000Z,2701
2021-01-31T11:28:07.000Z,2707
2021-01-31T11:32:24.000Z,2740
2021-01-31T11:36:42.000Z,4986
2021-01-31T11:40:59.000Z,2721
2021-01-31T11:45:17.000Z,2715
2021-01-31T11:49:34.000Z,2707
2021-01-31T11:53:52.000Z,2701
2021-01-31T11:58:09.000Z,2703
2021-01-31T12:02:27.000Z,2700
2021-01-31T12:06:44.000Z,4988
2021-01-31T12:11:01.000Z,4989
2021-01-31T12:15:19.000Z,2709
2021-01-31T12:19:36.000Z,2725
2021-01-31T12:23:53.000Z,2708
2021-01-31T12:28:10.000Z,2710
2021-01-31T12:32:28.000Z,2709
2021-01-31T12:36:45.000Z,2709
2021-01-31T12:41:02.000Z,2745
2021-01-31T12:45:19.000Z,2705
2021-01-31T12:49:35.000Z,2707
2021-01-31T12:53:52.000Z,2724
2021-01-31T12:58:09.000Z,2712
2021-01-31T13:02:25.000Z,2728
2021-01-31T13:06:42.000Z,2720
2021-01-31T13:10:58.000Z,2726
2021-01-31T13:15:15.000Z,2720
2021-01-31T13:19:31.000Z,2714
2021-01-31T13:23:47.000Z,2726
2021-01-31T13:28:04.000Z,2723
2021-01-31T13:32:20.000Z,2723
2021-01-31T13:36:36.000Z,2723
2021-01-31T13:40:53.000Z,2727
2021-01-31T13:45:09.000Z,2731
2021-01-31T13:49:25.000Z,2714
2021-01-31T13:53:41.000Z,2710
2021-01-31T13:57:57.000Z,2730
2021-01-31T14:02:14.000Z,2716
2021-01-31T14:06:30.000Z,2724
2021-01-31T14:10:46.000Z,2712
2021-01-31T14:15:03.000Z,2714
2021-01-31T14:23:36.000Z,2729
2021-01-31T14:27:52.000Z,2705
2021-01-31T14:32:09.000Z,2714
2021-01-31T14:36:25.000Z,2708
2021-01-31T14:40:42.000Z,2705
2021-01-31T14:44:59.000Z,2705
2021-01-31T14:49:15.000Z,2732
2021-01-31T14:53:32.000Z,2699
2021-01-31T14:57:49.000Z,2699
2021-01-31T15:02:06.000Z,2704
2021-01-31T15:06:22.000Z,2699
2021-01-31T15:10:39.000Z,2706
2021-01-31T15:14:56.000Z,2705
2021-01-31T15:19:13.000Z,2703
2021-01-31T15:23:30.000Z,2696
2021-01-31T15:27:47.000Z,2707
2021-01-31T15:32:04.000Z,2707
2021-01-31T15:36:21.000Z,2705
2021-01-31T15:40:38.000Z,2706
2021-01-31T15:44:55.000Z,2709
2021-01-31T15:49:12.000Z,2705
2021-01-31T15:53:29.000Z,2702
2021-01-31T15:57:46.000Z,2705
2021-01-31T16:02:04.000Z,2700
2021-01-31T16:06:21.000Z,2715
2021-01-31T16:10:38.000Z,2705
2021-01-31T16:14:55.000Z,2704
2021-01-31T16:19:13.000Z,2705
2021-01-31T16:23:30.000Z,2701
2021-01-31T16:27:47.000Z,2702
2021-01-31T16:32:05.000Z,2698
2021-01-31T16:36:22.000Z,2701
2021-01-31T16:40:40.000Z,2704
2021-01-31T16:44:57.000Z,2705
2021-01-31T16:49:15.000Z,2704
2021-01-31T16:53:32.000Z,2700
2021-01-31T16:57:50.000Z,2705
2021-01-31T17:02:07.000Z,2700
2021-01-31T17:06:25.000Z,2700
2021-01-31T17:10:42.000Z,2702
2021-01-31T17:15:00.000Z,2704
2021-01-31T17:19:17.000Z,2706
2021-01-31T17:23:35.000Z,2703
2021-01-31T17:27:53.000Z,2703
2021-01-31T17:32:10.000Z,2703
2021-01-31T17:36:28.000Z,2701
2021-01-31T17:40:46.000Z,2700
2021-01-31T17:45:04.000Z,2703
2021-01-31T17:49:21.000Z,2703
2021-01-31T17:53:39.000Z,2702
2021-01-31T17:57:57.000Z,2704
2021-01-31T18:02:15.000Z,2703
2021-01-31T18:06:33.000Z,2702
2021-01-31T18:10:50.000Z,2701
2021-01-31T18:15:08.000Z,2701
2021-01-31T18:19:26.000Z,2703
2021-01-31T18:23:44.000Z,2703
2021-01-31T18:28:02.000Z,2703
2021-01-31T18:32:20.000Z,2702
2021-01-31T18:36:37.000Z,2703
2021-01-31T18:40:56.000Z,2701
2021-01-31T18:45:14.000Z,2702
2021-01-31T18:49:32.000Z,2704
2021-01-31T18:53:50.000Z,2701
2021-01-31T18:58:08.000Z,2705
2021-01-31T19:02:26.000Z,2703
2021-01-31T19:06:44.000Z,2705
2021-01-31T19:11:02.000Z,2705
2021-01-31T19:15:20.000Z,2704
2021-01-31T19:19:38.000Z,2702
2021-01-31T19:23:56.000Z,2703
2021-01-31T19:28:14.000Z,2703
2021-01-31T19:32:32.000Z,2702
2021-01-31T19:36:51.000Z,2701
2021-01-31T19:41:09.000Z,2701
2021-01-31T19:45:27.000Z,2703
2021-01-31T19:49:45.000Z,2701
2021-01-31T19:54:03.000Z,2703
2021-01-31T19:58:22.000Z,2704
2021-01-31T20:02:40.000Z,2710
2021-01-31T20:06:58.000Z,2703
2021-01-31T20:11:16.000Z,2703
2021-01-31T20:15:35.000Z,2700
2021-01-31T20:19:53.000Z,2702
2021-01-31T20:24:11.000Z,4988
2021-01-31T20:28:29.000Z,2707
2021-01-31T20:32:48.000Z,2707
2021-01-31T20:37:06.000Z,2712
2021-01-31T20:41:24.000Z,4988
2021-01-31T20:45:42.000Z,2701
2021-01-31T20:50:01.000Z,4987
2021-01-31T20:54:19.000Z,4988
2021-01-31T20:58:37.000Z,2697
2021-01-31T21:02:55.000Z,2697
2021-01-31T21:07:13.000Z,4986
2021-01-31T21:11:31.000Z,4988
2021-01-31T21:15:50.000Z,2694
2021-01-31T21:20:08.000Z,2703
2021-01-31T21:24:26.000Z,2702
2021-01-31T21:28:44.000Z,2699
2021-01-31T21:33:02.000Z,2697
2021-01-31T21:37:20.000Z,2697
2021-01-31T21:41:38.000Z,2702
2021-01-31T21:45:56.000Z,2704
2021-01-31T21:50:15.000Z,2707
2021-01-31T21:54:33.000Z,2703
2021-01-31T21:58:51.000Z,2705
2021-01-31T22:03:09.000Z,2702
2021-01-31T22:07:27.000Z,2713
2021-01-31T22:11:45.000Z,2713
2021-01-31T22:16:03.000Z,4986
2021-01-31T22:20:21.000Z,2708
2021-01-31T22:24:38.000Z,4988
2021-01-31T22:28:56.000Z,2698
2021-01-31T22:33:14.000Z,2697
2021-01-31T22:37:33.000Z,2698
2021-01-31T22:41:50.000Z,2698
2021-01-31T22:46:08.000Z,4986
2021-01-31T22:50:26.000Z,4987
2021-01-31T22:54:44.000Z,4987
2021-01-31T22:59:02.000Z,4986
2021-01-31T23:03:19.000Z,4988
2021-01-31T23:07:37.000Z,4986
2021-01-31T23:11:55.000Z,4988
2021-01-31T23:16:13.000Z,4988
2021-01-31T23:20:30.000Z,4987
2021-01-31T23:24:48.000Z,4989
2021-01-31T23:29:06.000Z,4989
2021-01-31T23:33:24.000Z,4987
2021-01-31T23:37:41.000Z,4989
2021-01-31T23:41:59.000Z,4988
2021-01-31T23:46:17.000Z,4989
2021-01-31T23:50:35.000Z,4986
2021-01-31T23:54:53.000Z,4989
2021-01-31T23:59:10.000Z,4988